author;publication
2063147752;988004
2121858404;559767
2142126378;1534806
2227406975;1689216
2100069631;1664829
2026882024;1655577
2463555713;54972
2255651068;964096
249098118;212029
2097392627;458772
2324748353;533918
2057421625;695317
2683892486;416007
288236523;836707
2240848721;1397698
2306205450;573701
2987644470;270053
2642604683;1485153
2018707986;505060
2046074115;1530546
2012069470;562991
1978147941;858685
2095648497;998294
2624927592;720048
2722697026;253597
246665549;111790
249930128;192912
2113542924;1140292
2623033874;375225
1129394042;523061
2108061981;435147
2559804696;567418
2181654943;345707
2678506758;914608
2709132100;349990
2122043446;469815
2160661412;690996
2694530130;646095
2123481766;1089315
2120695760;1035038
2528071304;1137530
2681149188;411407
2406678114;1530371
2343177003;1406868
2759949517;134560
2572163857;474464
2110539615;1750090
885249385;192912
2144794794;1560863
2031152454;81804
2028594073;875054
2255612335;1131059
2691648441;583487
1972486590;1131715
255299781;1679810
2007383746;217802
2298234020;21951
2630107268;1714427
2121637297;843123
2132997023;407825
2142887954;620598
100748767;44505
253204034;1703908
2973983526;505558
2124127352;245881
2532510059;41674
1966189204;761799
1235852699;1040121
2305826094;1083725
2222313980;181847
101600380;164784
2566341294;374795
2794929334;138457
2003202025;844961
29033585;1287788
2933488322;1464495
2303195425;1253795
2097596306;1605552
2801851538;298915
58165029;418674
391067704;1466209
2313560929;404804
2111521689;1778470
2789997808;94630
2329078478;224492
1252119309;562665
2131933706;414512
2711912513;356512
2147277912;1203397
2060758688;1515229
1929739754;221938
2118939179;804141
2699965542;268777
2196778472;1218774
2109298060;708858
2125701541;987013
2055683646;1527892
2156211928;1275901
17064567;585590
2711842128;848847
2658711646;72095
2628698351;309696
2338813912;853273
2425818370;1688
2103124409;1013863
2696834393;52584
2163619555;1674447
2068146743;38917
2113752898;1032800
2710197331;52584
2777201498;1363538
2121684553;385951
2124536072;372956
2111548735;760576
2127038590;912575
2128185928;66914
2102977424;579573
1966456890;1261299
1910201040;93427
99906763;1200926
2138465692;107151
206660109;843123
135441323;796746
2396087214;1446810
2250270171;155524
2061116030;1057596
1220847850;29521
2163985890;1552804
1342610267;1549905
2069465661;129505
2483940236;1546088
2097375206;633195
2245046884;1119309
2279423641;1034194
2305037824;221287
2798424333;1575397
2027928921;1632518
2159139834;1549441
2102047142;1645932
2134386712;1807198
2182731144;350626
2785485191;1055406
2147294894;1669984
2239016892;1147305
2152323375;700355
2335449142;824020
298400862;1411852
2710583092;1446963
2655719536;620598
1723369513;1668647
2306237283;127103
2076226297;144733
2949487255;1789024
72026323;458772
2402300612;1269823
2435751034;628035
2141316474;915898
2134373885;537828
2164737490;1057596
2626454983;1448195
320932408;1703908
2630464361;1127822
1966996865;836707
2494964231;1464495
1987835416;1656258
738035101;505060
2158781266;1605645
2579341158;16160
2018008661;499848
2109336725;1347185
2008578578;331231
2312688602;1091
2174045948;1405747
2318310288;15548
2655612286;938534
2781375529;564427
2631471329;1733407
2789274179;309476
83198093;425490
2082577480;695700
2065201609;1333158
2632945697;529478
1204625948;237040
279913708;562589
2162107187;946913
2310144072;932773
2073859532;1228939
2230604644;1679128
2595684962;341636
2163150924;108831
2037466936;1218774
2566630117;1472067
2985668507;455583
1230544858;826519
2295051819;1302035
2089784277;1249622
2110594664;1712050
2143882720;193554
2443910113;749663
2810083571;967909
2402322626;427331
2586853120;177064
1991083601;1057596
2093774416;1103989
99131486;425490
2107922458;297283
2021870168;1703908
2051416669;581576
2612659008;708858
226912599;535049
2068190112;149980
2311599331;824020
2134538685;598832
2079150322;1635983
2616136787;1807198
2133545523;1295707
2103596710;610574
2303301998;681012
2687845625;1102462
2892629193;762790
1237105379;1608965
2682619595;1549638
2128591302;653893
14660048;833112
2125370976;385984
202702011;813000
2254214455;229287
2308424824;1239507
2112029341;705233
2161188016;408374
2405588340;234105
2102191007;505292
2680904877;739243
1955771990;1235417
2570299818;510479
2309445653;1595122
2141589116;192821
2688717082;379597
2075066685;14870
716314097;1364731
2972407132;217021
200636940;487783
2144459651;1227380
2000554416;1423516
2064022781;24270
2401948747;1524040
2303522761;573567
2030848259;1292974
2523428486;69894
2039377645;1032800
1995577019;1494232
2717410669;190289
1972617521;1655064
2717591568;901870
2154712571;1276130
2299437711;1581016
1161306047;1609104
2141676470;803423
2159120860;5411
2433987446;55078
2546442627;309773
23672645;1403418
2161163696;193554
2026678996;182337
2400393373;1041107
2105361732;1424008
2306857274;771368
2033214668;451916
2209481840;1264496
2128075162;1792112
150302470;456320
2138715930;316117
141314290;317670
88536315;648385
2172047718;896825
2137307308;792443
2276627379;1365159
2278806803;1295694
2231219524;1580328
2562899466;1071939
2516285146;1095886
2684781975;1428698
2157185773;43287
2437535445;490186
1522889589;691667
189277960;1537870
2265741403;93427
2000758175;456320
189712000;1466306
2897906927;849475
2034044588;348088
247677246;287947
2100760563;637774
2293248550;1314966
683293601;633195
2973443450;1139486
2134803203;1518885
2130387140;1496815
2109304222;1527892
2590065162;270053
2098657012;1299839
2114101466;1380946
2308479670;1029012
2257765142;153917
2625921453;320228
2632525422;1705659
1990451614;385572
1850417542;1014487
2705242701;119821
2513695606;746710
2121184580;1817027
2403841916;1635677
2150291205;212088
2092133563;946913
2665860453;1415382
2307508930;193006
2234427516;1509457
140398001;787986
2324027522;140362
2103636590;1039487
1981925485;986644
55829905;849468
2608518849;511601
2481405770;338585
2152751312;1396500
2159769431;1815792
1555495856;630671
2156149106;1268785
2115450241;1382853
2616368196;1013871
2250654423;360435
2794299195;80570
2070578215;1186722
2715481619;441923
2437494827;188435
2309766215;918870
2168042903;1295694
2026814246;1466209
2102707969;1227380
1992137730;1270031
1222429179;872221
2640608508;832393
2090109395;1218774
2211932647;668708
2029863728;1634188
160465655;1655456
857836742;933276
2591160275;653311
2120177621;855327
2068190112;1788602
2679314443;473870
2023287611;961605
2128204244;380549
2603683081;972195
224712805;59226
2101160460;1561863
2006696304;608567
2695526412;1671437
2708618917;1292974
2197689560;562589
2171900220;1549905
1971955132;1311723
2518645713;842930
2150352244;997982
2555091219;148875
2345510859;217368
2184722254;1317116
2789909791;506156
2974090105;899480
381932430;40380
2400212558;1596311
170944239;859940
2152131012;182605
2264914315;1235417
2772138682;1082713
2094029818;1183563
268350945;745926
2675029906;43565
213229332;1304089
2306469283;226082
2113536344;356647
2029252525;111538
2137449530;35479
2586392733;792443
2488914844;1581160
2022840042;794766
2395550538;1061858
2683827842;205867
2165633131;128280
1987636418;294493
2491294600;886613
2898445212;1268304
2097152223;1277066
1558611138;1515229
2133835758;1508438
1070366637;279698
2297812180;1280042
1255761105;905794
2193131105;1017985
2494034720;1032800
2334230920;433966
2343936063;597714
2640639381;1494232
2139762218;916140
2336405936;1354731
2721785094;1420181
2561266694;121590
1255203059;78484
133907683;1288969
2338018709;714243
2482785655;310749
2018993203;111538
1975484910;425490
2016301946;932773
740622054;533285
2036462668;35048
2059436065;258746
2163357967;1676423
2135063632;57330
2103800107;392408
2163867762;1605552
2102561201;1203077
2603487329;980020
2573381898;1032426
2246336403;268343
2161933239;120343
2097035843;279698
1979934276;329271
322202385;1148152
2639741509;74721
2974305466;547392
2157647328;573567
717114848;512839
2118572917;563404
2642066510;832393
2403136546;604005
2497210749;1105437
2042800127;120828
2479660905;937516
2117784839;985419
2402421012;1193714
2304723528;65220
2718812080;1287788
70717222;121829
2711770835;1770742
2310024502;338585
2632019961;675534
2168806630;490876
2091107257;954827
100379382;1078554
2108671403;361876
2658959481;1715589
2151190581;1024814
2703493492;860825
2424768684;937946
2721798310;1633124
2106285415;743434
2665411156;1781265
2170218621;856447
2097955466;136660
111858739;469256
2402994217;140240
1982621187;1321008
383143893;267718
2168418581;1549602
2988469027;1393252
320828501;1062261
2076916518;636784
2754166851;421533
330863359;721413
2578520494;396995
2118868952;1422719
2657365233;935063
2130129451;670148
2232636173;1010600
2118420981;223002
244126243;775384
2694989073;398077
2009299615;215274
2305971183;490820
2122663543;385951
210321617;212029
2938127468;1396951
2519402967;749663
2308526200;1494849
96527068;1137975
2573162414;852620
2227179673;929837
2165638021;1622774
2429702140;671169
2395433152;1245134
2125584589;1527533
2401506969;511601
2123785096;1368350
2681320781;985035
2722472705;1032426
2579189985;1240813
2321233155;1373283
2700055908;985898
2629559641;18993
2152672761;1112477
2193858958;1185599
1970065953;1014505
2302236570;499848
303037059;52888
1260821962;372956
2309326864;358902
2129323228;603151
2290077475;1508438
1896956012;1211384
2501395329;1487729
1584001060;1681771
2157994539;35048
1964478488;1376759
2643928059;390085
2101260747;128236
2103882608;567418
2396359909;1335006
2019241556;199007
2942271224;1228939
2108129449;1139486
1983359683;120828
2680898145;31888
705491505;1177723
2087252583;1350866
2119266281;55078
2683931798;451500
2697495328;415342
1996007284;850732
327072836;637774
1465522643;1781377
2121813885;265079
2001826882;121590
2716612751;1634958
2139313784;74282
756122464;954605
1986880241;12993
2719572912;1027884
370245269;140240
2024911655;1243554
2116399464;1039240
2160056413;1024814
2677278089;1580328
1276032362;1184209
2342680731;1577540
2800695305;1216380
2422424491;1660303
2021900881;3015
2686445636;852957
2164224863;706544
2308505570;226082
2582451287;1682350
1178223413;1226208
2464600553;1354317
2124219966;1277186
2639138324;293295
2404372886;1670048
273422879;1814947
2398204498;579991
2705181826;1300333
2579768464;404804
123621675;15548
2346539398;908949
1234338103;284180
2647517102;332533
2689398046;1159557
1905423782;558617
2119244834;1693667
2165621803;1284694
2618573629;1086356
2095397023;329271
2136680303;406557
2085413767;876610
2017827391;1681771
293862447;198536
1966189204;368352
2021889967;1586710
2743955160;1516187
2123865002;1547416
683941801;164942
2586853120;563542
2269592622;1206233
2095649630;845840
1996714504;1055523
1886727067;511208
2128134587;1091
1993980736;1536770
2111002932;983431
2506291228;349990
2076129182;527403
2527145842;192821
2073083180;1032599
2098002335;642410
2102604261;1619002
2490847381;1544043
2117738327;1326468
320861845;1393252
2037450901;1296853
2171177052;773755
2659201321;1333772
1428357500;955143
337201273;1112477
2032438770;1564209
2152748675;1519294
2024163360;155358
1985083210;1039089
1986835399;706759
2148060374;39294
2190833275;35479
2171257757;221287
1255808330;214629
2053386456;800331
2634154665;1533899
2687621346;1038942
2143519154;1599876
2104467208;791572
279296317;584305
2475782658;511601
388200146;1561863
2057010244;1796824
2109272811;1477903
2627709975;52584
2596517932;1404390
2636438277;566695
2100714618;988455
2112234008;1235417
2399569618;1096597
2032531166;1645439
2220567936;1353223
2132292582;789711
2488622137;424836
2675339084;1530371
2715227288;1345177
2297564775;291511
2101926452;1699565
2130868104;376474
2153003270;1549602
2673365069;1119501
2150830042;1638427
2705821204;1808105
2040607855;346441
2296612286;882228
2397782009;140240
2239823754;1380946
2893391628;360435
2106295919;1261299
2702782794;1721622
2149763091;352166
2655478265;332533
2384518558;1603316
2281962548;1306187
2498915582;1257742
2611774216;505558
680680422;1315694
2779154395;1667187
2501321750;846391
2118189900;1118510
2712690834;1210970
1063590995;1140107
2137666597;796041
2688457011;1643295
2973131874;187573
2686226885;682106
2034632547;143119
1757861847;344829
2396069274;379597
2672134186;6154
87081108;535049
2067869096;1366829
2281900701;8763
2123350797;29841
2175291449;1748150
2707527342;1027525
2145306503;824020
2125931034;1535111
2051582866;1601902
2104898031;505060
2134492490;1715145
59249629;1527892
268209255;1576864
2634195544;344829
2308147364;1286905
2704129774;1435009
2399682632;28916
2096091053;398077
2107487933;1250848
2041929413;1404390
2394632022;1604202
2640045358;223055
2053499123;1309515
2040210213;1147978
2097373568;1273921
1945051285;83404
2000756334;89833
2102722858;1340811
2211443602;1397698
2584126060;1600357
271117951;1661019
2110538291;29332
2524404606;608567
338142338;501892
2192797973;1375381
2634791173;1472067
2493423752;458983
24202359;44505
2658552621;734514
126515232;899173
2505290037;915898
2108185220;856447
2689822891;1198182
1891282699;842405
2665440930;984931
2482909946;1091
2099860176;916564
2152250954;665341
2126300636;246542
2941272482;277504
2152533085;482782
2101209391;1456321
2944992000;1645439
2691705323;1658385
2146642270;1813111
2134393620;1777938
2502406708;1449437
2499293681;296862
2925236431;1230471
2047091786;1668433
2172723547;419665
2140016166;1172257
284225102;161312
2496054176;932055
2434427419;630671
314690538;1788564
2183708330;1543681
2404503087;836998
2402952049;138209
2311050954;797742
2252543171;38917
2310186662;621293
2224723394;429510
2632814629;544543
2155012687;1721622
2136788661;940895
2113064548;527709
2974095105;620598
2193907057;517575
56924054;1558196
2141350668;1209436
2162022226;539040
1914769273;1781377
2123200342;1580328
383359172;1014487
2917483980;719760
2693857476;1127782
2133360447;418674
2665828980;865609
2157717251;372956
2711809541;1517802
2675650934;1560356
1713850995;1354731
2778829066;1603800
2308392011;1605429
2128840909;1693865
2030099764;1201017
239998554;1354317
2314625266;496663
2666759231;846391
1246625443;134560
2193902795;660320
2560925533;1693126
2611119541;1645439
2521478395;1616821
692045707;1274721
2671053606;356512
2505557566;1448029
2134581150;1560863
2699190036;161955
2133754977;1516187
2148112450;69894
2508948551;73348
2164344125;1817027
2438856247;1636197
2295334262;1453065
2273196592;1627762
2339964229;96560
2071027121;506156
2684059833;1517802
2059425993;796041
2097627452;1553690
2144694093;1235417
1266298143;1576864
2444174556;1655064
2474976711;865632
1991593171;1264496
2504850615;197484
2284655069;402724
2308286351;335626
1970438811;1530546
2571267122;791175
2631634379;176769
2056295772;354644
2267275822;772349
2154868525;1261299
30436958;1345177
2146401354;385984
2985951032;732615
2330105029;252754
2649581421;293295
2141952036;1702607
2171534607;38917
2503323198;819435
318022926;1362903
2138334042;1810017
2402585141;44486
2170669143;3015
2401925131;773737
2006898984;1681771
388475989;1331044
2305260618;430170
1980933316;487783
275415807;215741
2158768164;185553
220641829;1536770
2238274355;13407
2310709986;1026887
2105486404;1638427
2096573134;1536770
2009886518;1519977
2634177623;1482588
2712440719;900503
2149205969;575280
96492545;398591
2851219179;1450088
2127938695;852384
2279387292;621897
2103882821;344829
2291738190;193554
2806055360;1546088
2715989927;137780
1988561859;1341035
2058491638;490200
2665085897;35479
622054994;555508
2157782254;1442764
2568843409;1147632
2973574503;719168
2511551622;710537
2667307542;430170
2238037596;1470692
2164740951;229287
2344243335;1426046
2637199035;407825
2126064985;1557031
2145720147;407825
2108819515;832393
2144533532;730754
2130114985;681381
2145579836;255620
2160653350;845840
2119244895;1083725
2630491343;672965
2163808111;712173
2407640632;217368
2210559442;1256473
1987696343;1178595
2395546445;1287788
2010516145;1810017
2404931170;572518
2089290244;910438
1903092699;1410082
2325981017;1293411
29956401;407825
2140333546;1104569
2121475541;658766
2138512350;1239507
302998071;1666476
2163270800;93132
2168510846;164942
2987788078;75067
2988175038;137649
2122875534;1670791
1222365250;722469
2164990155;527403
1964462602;326638
2164568253;804384
2678636718;847042
2141560164;1118428
2706818149;674505
2032248569;1555794
2951106702;853457
2164216406;1796824
2345379657;1072439
2131971314;1311723
2950135461;164434
2112824059;1426667
705938495;1595122
2344316703;954827
1507166211;1279974
2162200463;1072439
2124153168;1448195
77696115;1645439
2130371940;706544
1943312276;1424008
2116244789;1010108
2198882670;1614943
1228981287;136660
93127458;10889
2005903806;237421
2723723847;28916
852303700;67582
2973385246;1115014
2963022070;723740
2664073321;929837
2681121418;1799546
1884749727;108390
2100268316;1627074
1241380139;1172845
2050752266;402724
2023232186;159118
2475030942;852449
2120455225;133296
2178644095;1709002
2572751006;1549602
1969282344;208772
2588311830;708858
2127596542;1549602
2129353193;1045904
1482108584;185553
2097921231;1692481
1892659438;688835
2465522096;121047
2525058145;1450348
2201441985;1688939
1278895136;38917
1134527061;1756334
2157783754;170076
2177307581;133150
2490405109;1329644
2652544150;1577540
2166031878;356562
2166284823;912575
187949642;258746
1923343747;1174532
2078276253;1235110
2672360672;1086356
1893252806;1632847
2150075510;1721467
2499981733;679396
2147321457;1140292
2428497728;1660204
2681908063;901073
2158778341;765817
2045037359;1632847
2308774408;1688
2018949663;1657854
2669449931;114370
141736819;260313
2101782692;1091
2103731555;1810055
1989758972;1667187
2142661741;1106092
2762320514;846542
2493868681;164367
2645006587;837272
1975309703;1209436
2493686800;609973
2103079183;1226599
2304710423;1399713
2683840335;1244547
2661700439;1634989
2309184367;164367
65851461;159256
2931023922;11779
2796529389;523061
2146734793;618247
2116143136;1807198
2477205774;1451898
2157702415;1062261
2156592825;287008
2720575637;1485153
2127270539;563404
2164267974;1124433
2305132796;1553690
2236022617;598832
669381866;55078
2722681543;1581016
2763595081;1721467
2488968309;833910
2404147525;1524040
1847450845;1408385
2035156685;1777938
2123652010;965074
2670650348;646095
2757395539;435147
2113298766;559767
2066898351;1422719
1999268070;26038
2149556533;359688
2067580452;1519294
2137419572;316117
2397266286;820964
2627534645;884621
2525283009;872221
2633024094;1147978
2134320461;1682202
44593440;221287
2087891828;456073
2591509844;228692
2628324167;1248930
2221579151;972797
2642812561;572518
2122134999;621293
2406030341;1193714
2135792278;118881
2899430190;310749
2128060600;933995
2566258941;1206203
2152243552;649244
2798735807;1645939
2293842069;44505
2047770671;1077251
2569628532;320228
2117415135;1817027
2257417114;1358181
2124071272;493438
2103849064;1418546
1779508249;1601902
2685950750;316834
2169761952;475113
2116800970;256357
2672200869;669189
2136316697;153060
1998260123;1666476
581652684;237040
2159117647;1366435
279117051;603151
2439451327;1527533
1384276614;1479534
2136522766;344829
2706679727;464794
566595724;1314966
2228786990;345137
2780661356;195760
298193029;534850
2697226189;215741
2485290060;1535111
2698121630;1693126
2667078086;672252
2132561488;810979
2110471373;1689216
2406205780;1144321
2643207079;856777
2109334627;566695
2985164481;1082759
2140245531;1110498
2112598428;243668
2650687188;37090
2163873308;11895
2403627044;961605
277322418;99023
2504038831;965074
2626454983;601150
729327767;1658827
2068378787;1814947
2150988014;610698
2009620423;133010
2460587584;661497
2140518643;1778470
2008578578;1601417
2126273881;1221507
2403558765;384603
1964293424;1722903
2132722601;671169
2636595161;1555794
2170436370;268983
2172134638;1363491
2022192081;6522
1871374105;155019
2274044327;716434
2663056000;1616176
2306492154;657635
2404155276;336781
2139265995;1603316
2407745729;44486
2052180799;511208
2076043300;1030874
2641181962;65230
2099576825;980020
2070832539;502452
2097618570;876431
2635583305;1240319
2108607143;1253067
2064212524;405103
1918863606;951276
2974770515;1145009
2012177412;1656258
2135702970;496663
2985454178;770958
2089875223;1228939
2152498212;133010
2126895602;1625323
1770341679;692179
2635036015;473870
2678005342;624282
2798978940;397387
90462051;1348836
2163680003;1538262
2161206522;503857
2291005947;1173719
2673343439;916140
2506363818;1038253
1927076239;444631
1218286223;162019
2036832964;34988
2421740239;1563810
2016207319;1096736
1988886226;1172257
2274428782;1203397
2136680303;215274
2716108579;1267893
2649435869;1040463
2706226481;758481
2010625751;671169
40609271;775502
293499436;1580328
1984249788;1668647
148277250;122273
2061961804;395173
2124312922;1333158
2114054191;1091
1914963250;858943
233697368;1368350
1215146045;1477903
164943294;1627074
2127446269;40399
2100026579;1810403
2098378790;951276
1987621619;155019
288500632;220776
2942248410;1193714
2503259019;295244
2627430093;215073
2133272060;446155
2137690760;1223409
2636703413;1581016
2113259998;1565496
2308533529;795791
220784799;149844
2402683184;260313
2233341286;1610527
2139065608;364042
2430475429;3015
203016618;464794
2212448048;1393252
290632687;138627
2667718454;1569375
2527167101;1426774
2776466779;485597
2158484238;1103124
2488651990;1353487
2147779349;671169
2635115182;1709747
2397913436;40449
2135877978;1083725
2119964904;621293
2148534148;1519977
2032665542;1011709
2502459492;1419645
2153957209;1736712
298902648;790450
2151367964;755599
2973545361;445523
2401466906;1469167
2114383993;182605
81373348;1185599
2165044611;840705
2162242461;796746
2441235872;714243
2659034050;1333772
2719641508;1036971
2708318919;761799
1914963250;1794591
2485818329;1475397
2403572387;907500
2483104957;1736531
2987536810;297098
2168455878;356562
2277550874;1604754
2302978205;1688939
2159053426;1766699
2087822860;1306813
2157360396;1256473
2151003410;1103655
2406854008;1013863
2577792503;1673282
2699881372;1581621
1996370349;1319706
2404122492;1387396
2305930098;1067598
2169578825;1104569
2399051024;809930
2664713669;1112477
2115640111;263297
388366601;883526
271348325;816299
2806431174;1781377
2134078435;388674
2163825945;927670
2154239598;497513
2030473740;439701
2689909520;455583
2483090152;114370
2158864104;1453065
20509179;511318
2151732191;1479521
2292536538;1315694
2683332899;1568722
237181141;493438
310993417;1622774
1373187678;1661019
2682920783;1448029
2098280818;1681560
2056261776;612668
2130071735;490820
2120984770;1239202
189137728;493721
2951381110;1448152
2299575607;408900
2075066679;1089315
326947441;258746
1335551265;867563
2330105029;49268
2811167211;1688939
159610316;771098
2158251953;1813111
1979115484;952181
2578283028;994405
220887178;5781
2100868817;867361
53644460;368576
220641829;1496815
2159432899;3787
2698430947;1664788
1820775731;130022
2124845496;1213380
2143811590;1509457
1996020375;668849
1272988699;1603316
2691802878;1390698
2667735453;73220
2322634291;40449
2072798402;1257502
2096366321;275008
2305382089;671169
2708063097;107151
2093417782;897687
2665610093;1422719
2151433266;376474
2130431662;407910
2590204543;384603
2239377015;1601845
2640208037;849475
2697183694;171006
237268261;899173
2060579979;520826
2702224597;842930
2974648716;1770975
2136798047;449591
2100790447;505143
2097766447;1078069
2163909284;320896
2704403314;313502
2120709695;320786
2300589394;1688
2026485844;82554
2904234471;506323
2693206547;1677821
2662766058;592776
2156496335;1536770
2302897052;1287788
2433633838;1572317
1969311846;449591
2974572717;505558
2692720709;674505
2654393748;778541
2047018924;678483
274939795;330977
170362555;1194461
1965023637;955581
2707337078;1131298
2122931204;223960
2549153065;247967
2132197357;129505
2722624001;43929
2096482855;1253795
1974967662;501892
2520420120;609973
1972118757;1619002
2010120055;897687
2149856031;1113293
2103028973;687179
2268958123;1721467
2573385741;539917
2800176049;499848
2098956257;423593
2111080635;1441238
2515397140;1573833
2139589971;1700909
2395891266;1439875
2719074752;1106092
1975808728;562665
2284288079;816299
2083055377;233935
57737970;621293
2402478427;1287788
2108714970;1803942
2209330204;1018374
2108113980;605810
199276077;1312587
2115537397;56467
2629858618;1358953
1989208940;1091
2043148907;1074404
2146752353;1024814
2557323978;487783
2092011127;1104220
1221493752;95068
403308764;1537476
2507704836;824020
2300696376;221287
2087896892;1221498
2029505915;702972
1966776278;1696001
1512934884;1557031
1209010177;143119
2130242471;1677821
2060174813;1295694
2125249900;824020
213875385;1257266
2689314450;1269823
2040918890;1341035
2099891931;938741
2161167556;376474
2113193169;708858
2932232391;1307992
2137802269;267728
2256470939;1426046
2402885257;336100
2938556837;1435983
2557910308;1103124
2106467035;1384677
2719208086;1423516
2121496889;217802
2097391590;1180520
2129338088;1585681
2135304699;845840
2497966988;971366
1262027015;223002
1976511566;1557874
2020165729;434796
2095900866;148875
2169399073;1393469
1977782221;822699
1978361091;287947
2398061403;1558196
2471901525;1456570
302929217;244475
252775750;1478454
2121236212;237040
2630338897;674499
2400571477;1193714
2123038520;474464
2395509337;717609
1979876342;771098
2670840203;171006
2118962547;846542
2403725743;1560863
2169227481;1126833
77678245;715329
2087856871;1364572
2713528171;1679810
2942340809;173821
2034674392;1221498
2107380336;221287
2404272778;429510
160035103;1452476
2110649357;1543088
2630479535;1086253
296596521;806442
2687119130;258555
2632763321;74721
2424997715;176769
2164352790;743434
726544989;220998
2123165802;1380946
2164208049;1555794
2304492444;1353223
213228041;376474
2309832292;533918
2687098427;1194461
2042667990;1484827
2616896884;1174532
2099762205;1452476
339049913;1797556
2094383863;439701
2042658778;1137530
22492467;15548
156169523;675534
2161678426;772901
2564538775;1366722
298400862;1140107
2235248061;1426667
2278499221;430170
2030694586;185553
2003680664;764940
2124547385;1573833
2110250937;320944
587263209;1172845
2479229934;1307349
2142062355;474464
215839793;783033
2406813477;1244547
2404053045;804069
2110057345;1253795
2150460791;1571182
2651383140;1604742
1509219429;77161
2303957734;210635
2055648147;603151
2689212725;669893
2130383481;852957
2017228807;40845
2117897161;867361
2662439323;1444155
2696583577;1636197
2058256753;703288
2162211434;1113407
2042412137;1131059
2121322151;149980
2111055260;471357
2309999102;149980
2032398670;1599876
2648391652;311502
2495196355;1640642
216611935;1350866
2974188223;363116
295809669;1257502
2104852094;302370
2693220179;909340
2124106111;953868
2231082331;875054
233050278;1056348
2668358157;161441
2242930301;1144321
2644593992;398077
2408481652;257391
465655664;1442764
181506914;49843
287036867;1365286
2111624923;1435983
2181238288;1078805
2394564856;1529716
2084170874;1669984
2128565744;1519481
151218060;989627
2394986182;959509
2124927549;94496
2067095582;539917
2650240485;1150432
2323075243;670148
2038236322;144733
1998231181;1475749
2154702025;1650738
2698367967;802377
2062849699;1063894
2270661123;1610527
1303555294;199007
2674076745;806442
2471798508;1353223
2110743092;1672743
2253141204;1086253
2398393305;1403037
2101552792;1047238
2496913239;489504
2288497910;1576864
2096081279;959078
2792780026;746710
2303331168;1048515
2155709014;1165981
2400742047;1006438
2018111571;1549905
2443435439;986644
2986220021;297098
106486015;1056348
2135459124;263297
608193906;83404
2601104030;1405747
2617415083;94238
2200034903;372240
2097251728;198227
2647021552;842930
2124061859;628729
2304703551;933995
2776268300;852874
2121584567;763243
2018183158;557480
2194745422;562665
2028546553;1272897
256856704;232572
2973510153;1442736
2635396112;138457
2156476857;376474
2715944605;670472
2648152139;685073
2054649867;442490
699072579;82554
1727059595;808499
2100033147;1022019
2917431431;1572317
2555031547;1361815
2666879185;1676246
7531979;1278913
2481670439;403334
2012687824;1769274
2401888580;899731
2011763083;1354071
2082222046;1238551
2150011549;1291450
390930505;563404
2640771412;1072439
2404438944;13205
2345390987;1010600
2686009520;773737
2122010865;153917
2167714175;1457765
2974268092;48405
2511833135;395173
2309775805;1239507
2985993671;92058
2779758332;1700909
2127916959;1366435
2026369285;1013863
2106841064;941119
2707890266;1453948
2142917355;639332
17893755;143119
2640038992;1531151
2150883838;755721
2893740186;313239
1944438646;1549602
2428665111;1110498
1847390017;1268785
2162553974;1689283
2118203593;95816
1718287272;1441238
2116146676;1448152
2258051433;1600357
735370458;1768435
1979856766;81804
63651563;1449118
2115623550;1024814
2656754807;998294
2664801202;1330140
2092211201;134560
2129898245;1242355
376401145;40380
2132304071;876610
2265930772;1707499
2110706514;1223409
2114327378;237040
1873538321;885045
2648202377;1562509
2035997268;256357
2096618501;302370
2124492793;1361815
2113753638;149844
2716318524;1384677
2920747305;1502707
2156775842;1666515
1877757884;1539027
1968885353;38130
2973751702;1383834
2441287259;1682350
2113574951;1031492
2077878096;1817027
2408729746;642410
2719465146;1268304
2503976390;1349526
2251168753;458772
2214423199;1287788
2974692635;1380946
2498371483;356647
34070852;389256
2662807378;1283987
2302899192;461413
62085423;1159246
2096382235;1658827
2132343087;1713610
2133486062;844961
2167348271;678483
2703432882;1366722
2915733595;205867
1996250700;251746
2117709049;1327162
2108392575;687619
2105039893;314725
2710543934;820964
2529038212;1679810
2154320332;1010108
2681254416;480945
2143081974;159118
2694421822;909340
2173792528;72095
2807402647;1699565
2113075142;520826
2395108992;471357
17252502;956042
2172969098;1304089
1211427809;35048
2685653610;1550618
2616646230;1536250
2713044810;1193714
2310107140;1104048
1781465799;763243
306795320;1319706
2420533063;1796106
217931797;1455769
2947455630;700355
2127684591;93427
2776289644;1661019
2032107906;1347062
282658983;232572
2793328468;749663
2108043541;1177723
2059154842;108390
2153620303;268777
1167770281;539049
2274380264;521312
2711042721;253597
2105991235;1221552
2153403518;1046654
2157848369;1253795
2011622855;1476190
1982154059;927230
236129175;144733
1751308049;584704
691872599;373515
2302449156;1307349
2398724190;1604742
2223291059;1815571
2333332424;1497272
2707877731;886613
2974080780;1436831
2715413700;107151
2107785994;1003506
2657324184;372240
2405243891;1424318
2815471056;345137
2095636841;241752
2118966844;181847
2277458669;1722903
2479820808;244475
2168399751;1083924
2040599945;1770742
2259020723;449364
2091504235;274954
2710048833;1693126
2034370060;1521045
320919012;1466209
2950769358;1766746
35741249;954689
2172181504;1441168
1490302718;1291882
2098876098;1539027
2156186673;211926
2708318919;368352
2686453920;985035
2811065279;1776275
2009147353;831355
2703502101;308747
2128303191;304184
2155103804;1668433
2436765340;288456
190901962;192638
2304186816;692179
2836945892;1810017
211238549;464794
2397363690;865609
1274392321;951276
2158116980;748915
2146922335;1268785
2120096387;1104569
2020648634;1536770
2142460826;1114199
1532539530;789097
166280524;99023
2810083571;1657854
2329386770;931202
2134719775;529914
600349154;473070
2239366155;1039089
2694284015;1248930
2132630391;357869
2001113056;111790
2125642118;1426667
2129486169;255620
310458393;621293
2099296433;833910
2046785095;230160
2299914378;344537
2316602815;742838
2029169304;768675
1900333666;77161
2250149859;1226208
2229300274;1327342
2130836907;1440731
2119025300;490876
2789599552;15901
2710775259;161955
2130569441;562665
2293773786;93427
2151664122;916564
2700950344;870555
1939351978;471357
32547045;1600357
2718736864;669799
2503244485;153917
2506552118;356512
2675313194;392885
2942167196;317670
2132216446;687619
2481806294;1682350
1276257507;708858
2079213318;248911
2744185613;899062
2548833498;692179
2561080809;669799
2274944363;1537476
2243404411;605621
2307812387;1249270
2680543176;1374109
2111628020;1347062
2148789325;20175
2781014473;314725
2675129839;842405
2558254589;930596
2099072619;1449637
2525069964;389256
2129930770;1362903
2125082829;127103
1987170400;236829
2144533555;851637
2279201890;603151
2043643790;1095886
2490164490;13205
2169631415;1752984
2014942476;721413
2138196911;1363407
2227644323;320896
1980371435;1292974
2128649532;790450
2160906436;1082713
2043338016;771098
2105960676;1197573
2317259870;742838
1984223526;1560356
2023972554;1100958
58152508;198536
2261484064;419665
2991544863;1253067
2084757539;1448802
2640205824;718313
2121891205;19779
2304437830;1475560
2987571605;257391
2209510281;959509
2045564338;1609104
2512075880;1249270
1899599409;867563
2284116839;320896
2166079265;1494332
2138559052;1369647
2404965258;1057598
2189653528;1194496
2155947268;164784
2554878336;372956
2125845287;329271
2101052408;54153
2170063969;1777938
2102745133;1403418
2719610094;445523
2158086579;505803
2527361257;652320
2141742073;434796
1504861078;1441168
2069445928;562977
2585408866;1201854
2120383849;1276130
2405010942;1815832
2974282567;1544867
2425559657;740225
2794716349;943288
2575727783;1515229
2106781822;432350
2168190067;218636
547231580;858685
291396532;352759
2151853455;1203397
2134989941;1091
2123960369;728798
2601641408;382143
2499213593;755721
2683629256;1354071
2435989397;671169
2012676518;433428
2170598495;1565496
2609313314;214629
2709341273;1705089
665242119;818681
2147106552;1448152
330641710;13070
2722029410;24781
2252588374;234643
2721016332;922283
2618884535;1474208
1927054760;1573833
2164916343;1347185
2293081131;1367335
2175397854;441213
2213484118;1017447
2084635705;980020
1970347819;681007
2096234788;3015
125550349;1147632
2308328903;728297
2277889454;1218527
2129862190;639332
2974064500;205867
2104129307;912575
2134163185;1261299
2233353379;601150
1940757447;1626643
2167084815;1789920
2608618979;603379
1220077405;1421983
2268629875;148875
2103623588;760576
2327938991;1682202
2422630620;474464
2408528678;770445
2191357550;668708
721973866;120828
2502450298;1040121
2073647595;804141
2133083528;1344525
2189871070;1792112
2158922493;1395493
2131396768;356647
2485618533;10889
2123615300;660320
2154906701;693747
2104767754;1347062
225835777;129505
2101415595;9415
2511498374;1536250
329206148;401435
2610055576;707638
2112806856;929682
2308423760;373515
1164270490;466220
2717359462;1486445
2481359562;1364731
2495640377;134560
2310065723;1223967
139560512;294944
332139791;1776275
306578653;1039089
2100069631;771098
2129447587;215100
196135556;165983
2562840347;327400
2153013050;408374
2943736426;298915
2644737657;598886
2114338224;1235417
2512017581;302949
2608024800;942590
2041243218;804141
2640313207;211926
296561657;1306805
2099010133;1048746
2701647797;1634958
2110171941;1707342
2043679408;493438
2105627151;1668433
2109719697;671725
2777639049;649502
2119892631;99023
2983272388;1034194
2478922083;826519
2281384163;1482794
2051314497;1521063
1739366739;937946
2129585006;848072
2120953451;182337
2780036918;245206
319591726;1672743
207082282;1268192
2235257159;985419
2169514383;1369647
2154759214;766658
2139194742;746710
2141877546;1333795
1646480596;772349
1110130834;1697743
1947084394;303506
2656765914;1650738
2779637858;1715145
2153158809;1371721
2137468653;1471507
2689150953;791175
2110034095;78484
2158756799;1255550
2157472170;206076
2539199676;739243
2129741387;1627762
2636399501;1074314
2719359327;1604742
2635345157;216418
2007323008;789097
279595654;683433
2280423273;164549
2109143765;853962
2290899851;849475
2335392968;1736712
2609673638;1174532
2779083533;716856
2523447590;1017985
242662612;1668433
2201702515;959078
2114930593;672252
2287999609;378968
2301977394;499848
2130283419;458983
2099270775;1527533
2941087416;608724
2114398780;284180
2079639309;108831
2289349322;1291450
2150038755;1038253
2127312438;237421
2019408238;310749
2163480178;557224
429077385;1655064
2015334926;602342
2515061082;1613350
2098746329;872221
2109519226;609356
2696865737;719011
695545146;277504
1965761486;792443
1981104699;1708665
2106023987;316834
2801637014;122273
2023153941;44505
1806719435;1506273
2588062422;856447
2243975045;1198182
1707432895;1226208
2018242697;1512767
2123497443;618979
2124140435;336100
2309826422;671169
1693006444;1627507
2549226300;1451898
2042755361;972195
2394526669;959078
2127635813;1766699
2104445069;605621
2557597599;1633124
2306473828;771368
2785681837;1385890
1970711686;1385890
2478434250;1685597
2147816758;1295707
2106954422;1472067
187537884;998294
2167201848;287040
1475510869;1713610
2125293936;5411
1932022718;900300
2591219399;953868
2038331002;1632518
583463752;858012
2010130002;1368350
2785623117;496663
2584653121;1549602
2252125015;1777938
2168893805;86197
2313232408;1273921
257184081;1605645
2117815132;1365159
2195832058;1317116
334067385;1456570
2149556533;852874
2234823802;706759
2153352774;1104569
2399399789;1028515
2561896711;9415
735852052;547392
2810083571;601150
1932099541;1239202
2097154047;424836
2012499638;1484827
2636584927;867361
2775942881;1494332
2021207741;386281
2247231460;1201017
2721037801;1444155
67597021;74282
2529038212;1039487
2806820703;770946
2974020346;621897
2644189915;1626643
2400838651;511601
2722453265;1127782
2627727103;1547990
2140998141;1462352
2324807779;605621
2154808769;480214
2492179509;1255550
2283235115;336255
2513185094;133150
2040494229;1512767
2146554912;1012444
2156690546;1509457
2155732702;1203397
2903609811;506323
2293892241;715329
1835541196;1235417
2099146317;986644
391532651;1538985
2644003906;1688939
2315447831;742838
2400661923;1426667
1559625664;176264
2531703064;341064
2157219839;1188814
2656991120;1766988
1971232791;223960
2680551232;1571182
2157040812;1566896
1976544031;609253
2709857806;802377
2670478448;320896
65869504;1045715
2023937328;1070386
40180715;1119309
2402979151;1122808
2240933887;1201854
2115124847;804213
2107603943;1366722
1995652905;1748150
345432764;1446963
2103839586;230160
1990708320;1010600
2112932091;1353487
2708847971;610275
2131332028;789097
2051681002;573916
2399976397;1521632
2294355703;1406868
2149351314;564427
2670274554;1537167
2798649375;976710
2620707760;418674
2112182493;444267
2397209774;384603
2308820765;545983
2122403466;474464
2414564264;3787
2118564597;356711
2691285067;1237346
2569876528;1622774
2476262321;1000462
24490792;1223409
2483265646;1454243
1555327025;1045715
2210685818;883526
2695955560;1233378
743897530;72147
2328911080;1581934
1958013077;598832
2163341010;700355
275044185;229287
2180823998;767501
556610533;396328
2181822159;1084323
1983303251;327400
2148288937;140204
2399740349;511601
2113098586;692179
2399324442;1524040
2159253281;162256
2147779349;294493
2238440389;772901
2044619081;1521201
2112196210;989627
2122108194;405103
2105553894;148875
2689125321;683650
2675186063;1530371
1487077299;164784
181594101;1024814
2406029391;119386
2402898719;163357
2406340791;819435
1993035910;1655456
164198848;246555
2603645478;1506965
2115353320;506323
2156174089;860825
2469060617;1132564
2973738921;1331044
2290264090;458983
1203227207;294944
2493032633;317536
2227462969;214505
2169116592;794766
191824340;148797
2058716785;24270
2157340592;728798
2248292239;1608965
2954800864;1707342
2109031554;225523
268120173;511208
2698119837;1419645
2637950424;1017254
2121407184;618979
2616124571;1040121
2626099725;198536
2171731261;796041
2126484416;1435009
2106157191;193554
2105790109;1281918
2714970377;765817
2401277575;1267135
2013947891;1057596
206448588;720048
2248658501;1223165
2168768247;162019
2572028590;271214
1892952940;1193714
125037692;1100958
2467393960;1509457
317890959;1416591
2444626849;815469
2402527692;1125027
2255728420;1796824
2166166699;541011
2404565862;617844
2498596557;1218527
2112586725;130022
2518567762;1172845
281622442;506435
2513226774;767427
103064199;1777938
2403608114;1312587
2147178196;1666719
2123850919;1070386
242315540;1350866
2422088164;831355
2480970184;932055
2566857639;1071939
2167947150;1464495
2252187768;1614943
390930505;364042
2490418309;1246494
2304699515;1277186
2943516656;1367335
2312166707;121590
2562321811;1419368
2474565323;1692996
2340891503;34988
2128091667;354644
2565557249;9415
2578668197;972195
128958587;503857
2186422030;439701
2131086349;1470692
2652178916;1025374
2124386375;1515229
2684630099;1089315
2690778427;1091367
2167266985;392408
2682135039;774334
2938459339;1451898
2169751890;997982
1983121779;589191
2655567974;40380
2132520476;237421
2670498363;757312
2119358681;1002565
2401255313;432784
2096418959;245881
2605089525;489504
2143089062;956042
2647846112;1452476
2434477016;314725
2257188520;815469
2193940257;1077251
2981131611;1626643
2109241220;1815571
52732896;96560
29743983;1534806
2710551336;445474
227293407;1657854
2973696833;397387
2712910633;27301
2281168953;1039089
2669122818;870555
1982848548;1235417
1991389521;1392181
2410347909;644890
2285096884;1137975
2289456794;505143
2148828896;845024
2053880233;1180520
2487250646;1586812
1006522524;1566896
2107254429;1035038
2589804067;217368
2163533312;1105034
2114304489;1536811
2245610251;762797
2652117241;1255550
2026917742;1399713
2013170699;1147305
1644480426;668708
2674092923;810979
56450696;1132703
2629274443;356711
2147035199;418674
2133880114;1118510
2306001489;646095
387084222;246555
2002900660;527709
2307290923;1645939
2019101048;520826
2402350520;679396
969395739;1399713
2219603343;188688
22876707;683433
47543523;309476
2922260506;1156348
2400001518;233935
1892650065;26038
2662911959;836998
2044975371;1062261
2134642052;972044
2953082484;1200926
2182498006;21951
2251219868;1245347
2171036777;449952
2138334042;162019
2504861647;1536811
2137876663;1206233
176115050;1278913
1981689023;764940
67898301;404410
2607993121;849468
2042463718;1789920
1995729299;1014505
2128661946;1696001
2155887846;549212
2655597369;806442
2631459022;444077
2292501048;520826
357118968;1161143
2117912192;460272
2007205120;1466306
2125756013;1777805
1262460910;695317
796831810;16022
2207586587;234643
1284673174;1543681
2395168313;578238
2227779406;163357
2682512401;1246494
2944302109;1348457
2060610122;626168
2151075616;341221
214254799;1697743
2177628103;669799
2156577020;356647
2123524324;747610
2051773316;13407
2658182243;1393469
2142169863;1479534
2276641637;1564209
2485163583;905033
1472850006;989187
2103086064;1383945
2577536453;875626
2404387592;1237346
2110850763;1300418
2718958994;1388
2633729552;1040562
2682554064;598801
2333373384;511601
2099256648;294944
2108673868;1039240
44810285;120343
2114202197;335544
2079572972;161269
2407796133;1020441
2287547248;1344391
2089934549;1024814
2168709908;781991
2105613799;1752984
2508895262;954827
4378866;1777938
2948647658;1479521
2047666522;335626
2703857419;1277066
2661096665;1796106
2637203929;1102462
2115485839;460995
2129594172;248911
2123893120;719760
2123478876;730754
2164988172;687619
2063147752;1546711
2301633205;272511
698135892;493721
2306952341;721413
1977773618;619728
2109786210;885045
2104762883;1501825
1972113805;654655
2130500903;121047
2138467178;1722903
2620003382;767427
2059779388;360864
1442320562;1814502
704834296;1384677
2149778378;883989
2703520620;1013863
2648114511;1020441
2173340448;938534
2608246915;1581292
2149789208;954827
2561388933;762797
2120836466;225523
2704132433;1495587
2636690806;275008
2118032982;449952
2687023189;37090
2122757173;770946
2082812151;1341035
2168202736;1549905
2695867701;989187
2030477395;351505
2093856847;628729
21121672;626168
2132829166;385951
2026627699;133010
2130330500;777864
2142610073;767427
1973570018;539040
2792103644;197484
1880413372;1309347
1241559162;987013
2152672761;267728
2645205540;1664788
2169919654;554285
2892663083;1772954
2344144429;401217
2127626280;13407
2665940132;1257742
2117665592;1674
2344884441;1426046
2170741903;1406246
2021234184;1506917
2026813801;657635
2248607981;1384677
2653150522;679924
2134195768;1453065
2117432811;1325840
2152814451;1403418
2161264525;313502
2171694479;392408
2476497201;1639614
146717607;1309515
2067910634;545983
1896220156;1040562
2154667997;164784
265271914;1250181
2505613918;886613
2167990907;1039089
2164155302;637774
2701976482;774745
2142792079;252915
1464536348;1476190
2665512397;404897
1993972365;14870
170186220;1469449
2141511487;128280
1253546710;800331
2527394672;133296
1093591045;1813111
2637815198;767501
2974607337;854128
2309651542;1347185
2656796243;1547416
233125607;1326065
2395278582;624282
2181520108;124858
133372183;284492
2103426042;1297928
2486175349;661497
2181560713;585167
2109906877;573567
1971405447;11895
2673491537;209002
1809739075;830421
2720171002;1576099
1779850580;1519481
33206313;1140107
2088143331;1161795
2481821663;164367
2125844241;482782
2403115007;1436831
2162885025;190774
134787399;533285
1981285938;1292428
2117053784;1249308
2617858815;1525688
2476185387;450079
699787859;621301
2582826008;978071
2350173754;983431
2641780014;1220604
2001247965;1292974
2397335176;396328
613661480;1449118
2627215972;916140
1576892223;24270
2404018347;658104
2028688391;1699565
2672241525;382276
2630126537;1527533
1995406097;289271
1213278500;1013863
1967009132;1495587
2518828422;313502
2702238116;398077
2700055908;359688
2165039650;1275901
2267903242;210635
2479150170;73508
2973275313;1610527
2103626414;1674
2248590170;1348457
841191153;1782287
2156002375;1256473
2648663983;93132
2618046921;770445
2168614097;539917
2694675758;1358181
2607612517;1434443
162472387;581576
2004230566;1041778
194852110;385606
2151881489;251746
1860140228;1321008
2018091028;423216
277662379;1119309
2634080733;1709002
1334182280;221938
2017771450;59226
1986159374;972044
2096638260;1380946
2050841350;721413
1991311943;1221498
2304158068;1030874
2162075044;778541
2034367471;392408
2118128570;155524
2476547017;282544
2521047011;669799
2020733949;1040562
2474204109;1605645
1426176246;358902
2424439879;742838
1033468496;240820
2166861898;1572317
2648909377;767501
2506093333;348325
2157671728;1739009
2490530129;1533899
589714443;1604754
135218249;15883
2032949699;1013863
2673288680;1024621
2127168629;278968
2605206557;1803971
2152504368;1221507
2673006333;414512
2689844187;1748574
1998741865;1661019
2115486858;40449
2183667863;361416
2639405776;85772
2106826931;148875
2572780735;1225118
2969095926;188435
2573469654;1682202
2109477161;1348457
2777059883;1396951
2300575113;1344391
2581936915;695567
2310663086;1100958
2136256903;847042
2663372827;1214725
2424562457;1250181
2001316399;1362903
2527191110;1527892
2097490242;1292837
1941402522;985898
2719901547;1317116
2030674654;1478454
2171269231;338585
2087710632;405103
2124822194;961605
2686902649;93427
2111039137;1685597
1237859792;5781
2638112056;52584
2568292280;54153
260754163;583487
2097746247;376474
2673954565;1006438
2156900172;8763
2132744973;652234
2098143020;778541
2115760192;133150
2304429166;1114802
2239252417;1259022
89499395;465329
2941860274;1525688
2154656435;774743
2131902032;364583
2157264513;1471507
2225186097;743434
2460980818;217021
1405816974;35479
2974622852;1366722
323628214;1593702
2040447644;1038880
2633853581;43929
2099871180;1123419
1973445679;1079039
2158884915;1698166
2966448098;313083
2130840322;1186097
2098353067;406557
2168404780;987013
2345567218;1118510
2093500981;228008
2680577790;1733407
2794687502;435147
2342423918;1091367
2621948667;1439875
2131254994;251746
2114369888;48405
2709551016;1472329
2123125285;563542
347927369;1470692
2120562033;1406246
1988299058;1012444
2426635924;1541341
2560951776;945375
2285171134;1105034
2104360253;1625323
2307479915;1091
2226629294;316117
2113028927;764200
2341184596;1030874
2106214946;1213380
2496451522;846391
2088663589;1258373
330191715;1777938
2166346568;205867
2676058149;65220
2005408020;929966
319602697;1521201
2095103340;848072
2163446563;1634989
2145505336;255620
2558250323;167261
2922391355;392408
2952376417;20175
2696460878;856777
2629097123;1250848
2669364066;1677821
2104401652;234105
2167889538;907500
2137318677;658766
2194000732;652234
1857454961;1623823
2083783525;985654
2129165719;610751
2128935492;62477
2141751838;1238551
2669915849;652234
2068632099;124858
2672173813;1083725
2068158370;900300
2164566917;1347062
2163028900;188688
1909451540;449364
2113153068;78484
1279241083;614350
2671432333;846391
452259182;1406079
1585756282;770958
2010355220;1161795
2131925740;1807063
1509023965;1803942
2401162052;1424318
2460915540;1280042
125354079;1518885
1925768378;581576
2408130449;360864
2184444732;758850
2142845944;269276
2667333516;1677821
42605653;1713610
2131338004;400899
2720023212;1670048
2124081924;503214
2099571765;57330
40609271;529478
2103544803;1143756
2953931803;90294
2685582098;520364
2283097273;1297928
1951929479;849468
227511100;1387396
2238314490;1645439
442130;868042
2144618664;1145009
1983025464;608367
2608410297;1539337
2226135823;336255
2276148425;1622774
334014309;111790
2124214372;563404
2098448248;853962
2923305450;148875
2653325450;1676246
2304619042;302370
2170070822;317670
2124466425;159118
2804377562;197896
2097303003;719760
2017973473;1119309
603833024;911753
2950877104;1448152
2143889199;686859
2309924577;1602910
2143506630;630671
2511181894;964162
2521453528;1280042
2639962341;1373283
2711410075;40399
2665413810;288456
2101808840;268777
2075618137;350626
2395028808;336781
2120673705;683433
2776985749;1660303
216614204;868042
2102453962;310749
2313314639;1627074
2601768509;1698728
1050151758;858685
2121544815;1105034
2502975880;1536770
2230260605;1696001
62237607;1057598
2649236485;579573
2119094517;1038253
2286222108;1771662
2096217469;181698
2111063783;1508438
1625632746;1655577
2311900775;1321008
2706695557;957618
2564669815;21456
2699153148;1535012
2010416482;715329
2096317939;564427
2063342762;1061858
2684086883;804069
2665744138;927670
2123424432;1259022
2153620406;636784
2200205723;1581934
2097966817;265079
251491610;1103071
2098654552;1031492
2169222541;366206
2712130346;1448546
2016031872;17684
190869072;284492
1228981287;1679128
396975908;1161795
1906922223;1747233
2554137183;252915
2087592311;506435
2205213089;1039487
2071505357;1441238
2985217021;297098
2292310901;1403418
2655430313;415342
2648071409;1019378
1986367782;1216920
2511946599;359688
2682364181;559767
155680522;1012444
2048887081;1496982
2003830579;1716356
2050513747;702972
2286277659;147329
2191818565;800331
2320014999;745926
2713749302;356562
2973912151;450079
2049803112;824020
2650432245;427331
2630719127;664311
2124195488;824020
2652234802;1358953
2223791429;658766
2162839603;602342
233145881;1377244
2340768333;297972
2899074514;881990
2111135875;964096
2145391421;905794
2503948453;669531
2301169206;866687
2253569718;1552205
1232822869;858012
2397811679;1446810
2114893934;215741
2304884836;1506917
1973184187;66914
144222971;1634188
2397804727;1699834
2676155053;957139
2293758362;255264
2291556571;344537
2684750367;605621
2033645106;1186722
2922960274;1230471
1991518691;140362
2093088792;1756334
2146265845;1549602
2717775900;1123136
347477375;337358
2645219945;133296
2429081565;449591
2109237509;366206
2630148379;336100
2695112103;45886
2107593414;719168
2904875696;506323
2190029638;763243
2918591108;1017985
88694571;1552663
2166623132;1266380
2164145174;341221
2043530323;976710
2124998199;182337
2165242534;1696001
2115992755;1162061
2075142067;671761
2075066679;368576
299152467;505434
2126954261;1393918
2502202892;1419645
1984078314;161269
296576950;1410082
2679727724;692678
2022861279;149980
2043429972;1781377
2163985034;1300418
204135759;90294
2170573919;341221
2642584586;1335738
2139402303;1202812
2101881944;1012494
1967847929;155358
117305310;212029
299670370;287040
1842593288;260313
2923554866;1200926
2148533322;11779
2305299093;1766699
1998658053;309773
2018050652;505143
2060531351;621301
5745028;1496815
2150554866;1546852
2125659135;183860
2631589936;558092
2043849746;1586710
2156818096;1013871
2157626612;130022
2147300958;972044
2223395194;1353223
2940606835;1693126
1229057822;1775011
2696075108;1484282
2277593816;1017296
2157281174;214629
2115389948;1347062
2826964815;995020
2936730352;1538985
2264452075;536083
1980640875;1078554
1984139201;619728
1992526952;1163338
2054926013;246555
2426790985;155524
2944621271;1482794
2104659331;767427
2116114313;1013871
1591999886;1679810
117135194;1306813
2151406481;1331844
1906025521;1732060
1997439608;193054
2075430301;159256
2405610054;87791
2102943653;804384
2275306837;138627
2967651508;1228401
2035760217;1535111
1938829359;830421
2697961148;222770
182606413;535179
2983551228;1223967
2486561723;1448639
2486420270;1665332
2637621758;867361
2104576968;555508
2085192984;1776275
2073914521;1335738
1971530415;843524
2088858762;352166
2083279976;1358181
2985560606;184813
2092767352;1469449
7762232;715329
2147731199;1813111
2205954826;989627
2583551059;155019
672922149;505947
662579795;1072439
2315642467;1497272
2103611131;933276
2779181109;875626
2146763760;268343
268627886;1397698
2628800079;1238526
308868717;1476190
2405126416;402670
2717498109;1152767
2918030373;120346
2049583274;423593
2715686464;489504
2147329554;732615
1994646609;1319706
2122475223;1327162
684514524;855327
2974569516;1442736
230398710;143119
2131872098;572296
2109237509;1581160
2512903845;1024814
2723212192;356562
2151217767;1273921
2973511171;1218774
2400311796;44486
2119084577;755721
2208460423;6615
2173646266;62477
664262605;1517195
2686354103;405103
2507968127;1661019
2237142500;1189345
2103053954;67582
2146335907;961884
2918898746;356647
1523909248;388271
302654968;1333158
2151654194;860825
2777812656;1497272
2075955518;849475
2397066721;1627507
2634420145;886613
244474101;1471507
2113233940;1013863
2119437921;760576
2102919211;240820
2707625271;73220
2131973451;1362128
2162036314;34988
2318128492;1525688
2892800925;1159557
2985691048;679325
1971342715;220998
2209037197;802089
2127786174;621425
2695996081;883989
2164613406;840705
2986612931;1250848
249203244;976710
2990992308;360435
23243176;270373
2237193324;41593
2170452912;308120
617985665;880330
2668500018;1581815
2713475288;1367335
2905262253;506323
2263546791;1557874
2098372348;278644
2089212603;1671437
2641149705;379174
2095922224;124858
2327671090;709763
2114997833;1019276
280681230;246555
1277418523;930596
2479772581;1586812
2398151502;102669
2154474979;813000
2892687424;1477903
2662647777;1721622
1948953388;1796824
2125381678;730754
2133942762;1268785
2104154196;628729
2703939893;607982
2973454444;193810
425222634;1627759
2029001971;730754
25760396;442490
297263217;1140107
2576452769;171006
2163845009;1048515
2763165514;153917
1592879070;387150
2014960309;1573833
2662582322;1387178
1963182767;1250181
1991863171;387150
2148517302;597714
2144630512;234105
176830254;583487
299260399;1038054
2983664012;1018374
2308153275;582745
2137251267;1649711
2920100215;15335
2403987071;1154133
2170711779;1501825
2325756747;385606
2075034029;267718
2558564161;1173719
2234887606;885045
2103945787;1216968
2063218495;1281047
2102122772;1038880
2099298194;805263
2141166186;1661019
2149732652;1395487
2654876284;496663
2222746049;773965
2122428859;482782
2955083061;59226
2487545926;59226
2310646381;1667234
2642474986;870027
2478503029;349990
2941720122;1424933
2679834984;1635677
2099469823;1012444
2066027200;82554
2136197840;665341
2103178767;1249308
2676608368;228692
2229103462;1364572
2119267035;700355
2403799990;1524040
2135947625;728297
2408073624;1125027
2088570364;297098
2792550926;760576
1988359362;1137094
2574719574;1344525
294279128;1462352
2805334418;1122808
2635560269;809930
2102575901;230160
121847220;858943
2164566917;868042
2573266497;901073
398299268;1203077
2334575788;795791
2434952788;152807
98411351;771368
2129435983;1395487
2019995685;621897
2072064633;708858
2641743944;1581016
2627249257;1446812
2032761657;297283
2642111697;1616176
2653989856;1031492
1936450791;1605429
250387698;1040444
2204913924;1467391
2682715228;1328411
2641740147;936110
1229759099;988455
2157065641;995020
2207996917;368576
2061082648;1485153
2114690564;356711
110811574;654655
2275519794;450079
2166799513;1736712
169521036;1054770
2139535962;875054
2114763639;460995
1992822092;929682
2043506954;1306187
378370437;1335006
2273707136;326138
2485912436;1126833
1995276563;598789
2125988131;476394
2086588361;348088
2174382177;1606389
2161288054;419665
2128972548;672252
2713152791;1576036
2396137797;140240
2120372136;1410082
2656294450;13205
2673989546;1301044
2570854112;1131715
2066108896;807719
2032775676;36490
2133437268;1387178
2405467567;845024
2553535778;669799
2123666550;288456
2401752147;104967
2002423336;708858
2974905876;392885
2619370036;1246494
2262759881;35878
2135002639;1253795
2789226822;382276
2301346171;719011
2136616430;138627
2149260367;1452422
2659312394;1289430
1972086764;1341035
1104177816;853273
2773473984;1693865
335449657;628729
2157543298;946913
2650651053;1574828
2133726468;460995
2130354379;1456321
2116703811;297098
2311864326;217021
2338614480;1576036
2440318933;710537
1557751177;155019
2131166700;1422719
2287172063;872221
2708995188;1238526
2054518447;392885
2420712277;188688
2185500130;856447
2226949942;1549638
2238025108;1627507
2037477854;1709002
2155357175;789711
2322421307;485597
2246863092;1012494
2101280371;714243
2142749545;278644
1996144054;121047
2292798604;1452876
2042264339;505292
1973825838;897687
2666980155;1660204
2720266316;1330140
2114152416;385572
2112966750;1089315
2643611485;440308
2147213140;489690
2394483392;363116
2172071143;1766699
2135854099;1778470
2132409321;398077
2398101059;1448546
195128582;1558196
2108353771;1368350
2164986079;128280
2789157811;743434
2137723762;401435
2611851107;8373
297984959;1275901
2761559841;1281047
2130495853;921565
2121442396;376474
2133556621;1452476
2338213376;34988
2636567271;1223165
2108937247;360864
2119355874;796746
612732243;1122808
2076471859;875060
2703257624;1424008
2032775676;1306813
2014962270;471357
2401543792;1544043
2399379223;610751
2163181840;285180
2270562518;212088
2119763046;1010108
2147370234;1570380
2275186908;1693729
1127576488;72147
221428631;833112
2496671443;344829
2122232432;1397698
1217801284;183860
2665637457;1353487
2064056163;1556219
1225923034;444896
2211932647;1460658
699094834;433966
2168734674;914322
2407063773;1267135
2034295331;1682202
2504773553;501892
2488948482;292320
1083779831;167889
2723206363;558092
2211755671;388674
2984131491;455583
2923840486;506156
2619146229;589191
2680985938;1374109
2202691758;198536
2667045837;854128
2653425823;756926
2643307870;598886
2136175839;603379
2151775014;320786
2141952036;227494
2673966025;1636197
2163830057;1635983
322421229;1713610
2609593236;297283
2782607310;653893
2705308463;555508
2673645708;1544043
2478344485;881990
2973623208;692678
2936236098;1127706
2511280661;341636
2104136422;907094
2705288976;1019378
2949850573;1362128
2194545686;36490
2107682072;564427
2431691659;688835
2129124083;1082713
2843117391;1366435
2297299236;1040562
2404099221;1287788
1980371435;804141
2048017992;1184209
2557763229;1536770
2697814605;613737
2129133877;1032007
5975687;211926
11423040;73508
2584795926;1310149
697271798;1292837
2310684266;446155
2170155785;847042
2031083176;254830
2512549005;494408
2461166475;287947
2019073774;1397698
2654599819;215073
2102984962;1095886
788356648;1368350
2638372337;1606389
2069719606;274954
2149605875;1572317
1858401508;1732060
2985560781;1363407
2111705354;1713131
2136914710;669799
2304434974;1426774
1991587098;218636
2145438334;672252
2438514989;95068
2121268056;706544
2305824880;1440731
2633022602;1586417
2659443433;172223
2145612734;563542
867954438;1692996
2590383127;1777805
2615789866;605810
2129811023;1145009
2122401555;681007
2036846023;83404
2160715167;539049
2005398005;74282
2120965867;797742
2146311182;1340811
2124512617;972797
239896364;1038054
2107624270;1224884
2062219578;505060
2973750112;1521632
2101549130;1603800
2102407228;845840
2943781528;1363538
2156427153;444267
2161703719;147329
202368633;731109
2681718528;356512
2163902970;164549
2397410352;437115
283982527;425490
32043427;880330
2142489299;265079
2402115273;705233
1990140413;1056348
2637722506;511601
2718983499;133150
2012045426;255620
2114999795;1525688
2163991487;822868
2144146329;860825
278127910;602342
2145204550;364583
2703376340;421533
2078849992;1201854
2283028827;1469449
2680774341;130022
2435254300;614894
723276923;294493
2093806661;1327162
2122021140;1426046
2237402376;1183563
2237922697;792443
2310608531;52888
2779259439;308120
2811264838;1572317
204870395;1106904
2395692601;292320
2225911406;1028584
2149813270;17684
2274556553;155524
2170496156;1349526
2089131864;234105
2155513546;658104
1998260123;354571
2763203934;1697457
2125081987;1224371
2152029228;1309347
2193575685;911753
1994796951;295139
2063694429;1738682
2591555659;1546718
2167629221;1399713
2653488055;1373283
281097328;633195
2832758761;11068
2069465661;431092
2012833756;573567
2110009113;703774
2618288464;294493
2404947906;1047238
2225295861;93132
2144420726;128236
373088712;1698166
2497374452;1172845
320070149;1645862
2492381006;384603
2276174343;387150
2345033222;287947
2740261161;268343
67597021;229333
2155856586;1480935
339007039;1036492
2106360706;136819
2718285425;1299715
2341719684;918237
2163790412;1337573
2163759121;36490
2344077619;971366
2193835503;1007187
2141420785;482782
1845009567;95708
2573444675;739243
1988740878;1304089
2303748123;824020
161240164;989187
1997770148;260539
2070924456;199007
2907871318;398077
2095761621;714243
2098722298;277504
2973830089;1586857
2123768524;1082759
344182284;1693126
2646513104;356562
2646262306;1115014
2661470671;1568173
2147461439;282544
2623906552;1627759
367551089;1072439
1174144048;471352
2004815977;1403418
2308742949;1279974
2337100001;1448802
2499673670;288456
1244974601;1243554
2218259040;338585
2596291112;43929
1907757999;292799
2512995808;1677821
2122882112;728798
2008405047;223960
2162153024;1209436
2141440858;701070
2104932346;113796
2202752480;305562
2403339847;1588621
2161261499;474464
2172199901;287040
2400333339;423216
2440824807;1410082
2307186118;12993
2480716028;215653
2949642667;215364
2009609066;148875
2400073145;408374
2157437729;644890
2231653760;372956
2512771781;1667234
2394619439;1695053
2703494897;1724306
2171891642;1221552
2275968197;1245347
2034761186;1131715
2165297973;1206203
2023852493;376474
2032097809;1380946
2128381254;15883
2973554952;692678
2154853841;282544
99017749;1393469
2120678171;850732
2053350202;182337
89487398;404804
2395166306;1287788
2442545520;669531
1970010172;267728
2078092985;1807063
2102234875;1455769
2007797616;1546852
2506894982;13407
1364793501;1226208
1976856665;1609104
2436128035;431092
2499726242;515422
88824219;903459
2952449124;1456877
2405671032;1624977
2109939886;1546718
2657095993;1574828
2105400861;844961
2628854822;1249270
2491839260;1520693
2086503736;1228726
2166558591;922595
2708736575;292320
2119332700;579573
2400565831;1699834
2716903992;1300333
272498254;562977
2009976263;773755
242944960;75756
420267153;537828
2495433916;215653
2170124475;1502707
2974426473;1536770
2681931737;92058
2123954037;489690
2000415444;271214
2148504783;757312
2399216960;837272
2511200254;1661019
2469647742;233935
2166966091;642410
2089047320;1501620
1994122429;1732060
2133414589;1391546
2134197946;501892
2121783832;66914
2282255756;1581160
2106185204;1561863
2102945579;1366435
2689433443;288456
2307257894;1380946
2974380255;510479
1918362437;772901
2156669489;644890
2027806348;610751
2020084006;844961
2397717847;1171487
2142240831;997982
2156109015;660320
2114898780;1709287
2143350369;392052
2711861618;1125027
287525037;74282
2532856624;1132861
2101753539;460272
2101796117;1072516
2098428927;1193714
1912575254;621898
2303983707;1406868
1963514535;1202812
2154432462;1296112
2788239149;444267
2023937925;1014487
2250387530;77161
2712254142;1563857
1849162745;475113
2503142360;1721467
2002870485;386281
2956501065;748915
664900163;1519977
1476131191;1309347
2091179548;1380946
2150076892;1147978
2008043487;130022
2497396912;1549905
2412532346;1124433
231137837;380549
2106351346;1354731
2638209119;418632
2110484853;644890
2138118427;1226208
2159045736;876431
2155335324;1395487
2683319034;1444155
2058696315;1666476
2495677018;1547416
2095278027;1341035
2125800030;1699105
335443309;1218774
2972575063;187573
2157373250;317670
2789036184;1161143
2152343695;1536770
2146695731;1658645
2397702873;771368
2194075784;536083
20509179;166310
2118461900;1143756
2125876322;573701
2398033705;1709002
2519860083;1207386
2096455838;1474627
206221748;1814502
2609031528;1796106
2070269497;129505
402668717;1045904
81737176;13070
2011487051;285180
2115010573;74282
2163623369;1216920
2407528247;214505
2097349350;1541341
7476036;1716356
2097219771;1391546
2011582729;1224884
2304834403;1562509
2952613353;505143
2989847991;1253067
2497299371;1658744
2658561871;344196
2141532825;1534384
2717741695;1707342
2135126905;953868
2252622550;567418
1988262443;1722903
2093580900;911753
2146282702;1778470
1759644858;722158
1242328312;1448639
2428508143;163313
138811687;1696001
2163455850;161269
2106651746;1326468
2688746277;1365159
2071981552;1362702
2559976685;897687
2124174556;121829
1242197887;695567
2761457484;82554
2653101498;1209391
247553609;1693729
2104028357;1782287
2713667219;1373283
40716981;1457765
2695398236;1685597
1966902823;1253601
329377719;499447
2050825142;422477
2137932240;159256
2657211998;1040121
2486313437;215653
2102810427;1227380
1967470773;310749
2156644708;1090942
2046592889;1508438
1545984777;148875
2620118085;40399
2399085054;1026942
2421664160;1063848
2101474267;1623823
2723742211;878239
2721105740;1469167
2120036146;444267
2021138233;1070386
2401797314;1530371
1957016794;880416
1254911949;652234
2133433340;1013863
2109075274;297972
2723848810;852620
2396529154;1596311
2019958202;984931
2676784453;914563
2113846178;1310149
2023908621;1026887
2677703380;31350
2077202323;175092
2101788098;769408
2181199683;570361
2483115839;496663
1972241107;1061598
2129806282;392408
2174238644;695700
1997095882;789097
2405237060;511601
660503081;325432
1917779154;1071405
2619848081;83404
2144713543;111790
2403251097;1530371
2433906616;1771662
2334295670;1122808
2766255401;1368350
2056631740;1475560
2023969377;73508
2478452023;1032800
2046505287;719168
2394925242;1405747
2479915923;270053
2154889661;1078069
2109317405;74721
1974593854;972044
2987592798;770445
2429119358;1089315
2274428782;670148
88857537;880700
1868323447;1440731
1967832631;1781377
128869916;1573833
1615330284;1382853
2501064839;473870
2506422093;1452422
1609715158;852384
2398100962;1609104
2625640996;1539337
2712955327;511601
2125845287;976710
2120521907;1664829
2118077139;385984
2276958553;13407
2664229957;1619398
223531715;1315091
2713653784;758481
2374910708;659904
2487484779;978071
2070372031;1658744
2461123962;1605429
252054421;376474
2114445323;1387178
174968694;1807063
2105819030;177064
2779493800;195760
2405682767;348325
716920589;1440731
2679918057;1594417
2716439955;1550618
2096038341;767593
2647800223;155019
2138122470;164296
2196998088;320786
2166446717;544543
2014929767;686581
2056482535;1123419
2085768537;1747233
1978249680;1546718
2553416828;852620
2128060416;1028515
2760922973;10889
2989796469;1208749
2157481769;1650738
2115750516;1599876
319914098;1228726
2955021351;1506917
2984675560;198536
2476563243;758850
2399408858;1086356
2232408492;1644630
2129767570;731271
2720974437;804069
2101364121;883989
2245570626;1622774
2251607566;266910
2274104128;881173
2145845364;544946
2116115732;1395487
2469008785;421533
2059199574;1605552
2264363730;1515215
2925326106;916564
236860028;1437394
1632103029;155814
2309084781;929837
2508728989;88169
1171785875;907500
73196851;1476506
2076413971;681381
2326304078;449952
2106113399;376474
2005369261;1429480
2124024082;320786
2199962493;1086253
297241524;585590
2425776262;1104220
2126056503;1688
2505642716;215653
2302967740;392408
2655790260;994405
2431802813;1664788
2045367979;252754
2182928395;1213380
2139431519;313083
2440655869;1524040
1886491044;211926
2308833507;273782
2081823336;140362
2714955825;1268304
1971946148;914322
195980013;954689
2510604353;1601417
2160739717;614350
2023270012;1715145
2582180734;1147978
2716703953;1086253
2675291177;340305
2148400816;649712
2499413619;1682350
1978585397;164367
2631172648;274816
2142028151;95816
2127078753;665341
2116262063;796746
2114878774;852874
713720536;69894
2935835438;1777805
2047722776;35878
2136516135;1363538
2696806694;1378886
2100025287;1224884
1526013183;380549
2983520710;163357
245994637;1238551
324519408;723740
2636634347;1354731
2156332979;1557874
2642992975;1344525
2141920819;1607723
2421818050;1074707
65538393;601863
2295372262;703774
1636115378;1188814
2250667020;72147
2171787482;1017985
1986592519;953868
2951432815;598789
2002912046;765306
2184456879;895989
2169434849;350626
2001241048;246542
2304091908;497513
1768037610;1472156
2127770050;454203
1976044643;693747
2144246123;1078805
2102678951;1291450
2120644017;777721
2705265168;1036971
2170012411;824020
2198976450;1188814
2697867079;228692
2128341883;585590
2275259391;1089315
2404632381;1670048
2019596260;401435
2691696793;1448546
2234215184;719168
2155380330;1216968
2293890916;361368
2163254916;1224884
2620164869;649244
2063423718;1208749
177951892;422477
2404262648;1616821
2116716324;1441238
2655841772;808474
2096138865;765817
1910768266;1815571
2059643897;1253067
2123409789;388271
2403358211;1163338
2703275653;652103
304304723;1072499
2093529900;26038
2707124798;302288
2037257128;1721467
2100055933;1665332
2097879810;466220
2108178048;86197
2169573670;933276
2719273624;1352185
2102509447;490876
2017130482;122273
1766916742;1450088
2151243420;52192
2292866723;461413
2486891758;1427644
2122391114;1736712
2801148056;1216380
2123530409;1365286
1965759079;971366
1219140890;1001706
157790613;117599
2008564478;708858
2119398838;1601845
2575727095;1521632
1873538321;1699565
2048769069;1041778
2169917266;905619
2171747697;1563857
1973117381;193006
2079399547;1235417
2128227474;1766615
2335021338;385606
2058298584;610574
2278482255;1105034
95386219;967909
2121230662;777721
2666228707;851637
2098053159;1268785
2067243335;853962
2122436540;1472156
2160269058;763243
2423344625;17684
2501878833;39294
2220677010;865632
226907583;1287788
1272845716;397387
2087362110;1063894
2115272096;1521045
2060796316;155814
2716030691;1530371
1210570400;1486661
1926609319;1424933
2487928988;1818585
2189007050;1435983
2776968141;1296853
2165959838;1478454
157915158;224561
2098534400;301193
2103482006;1278913
2259817832;1672743
2248969104;1709747
2431321353;1358953
2479124409;82554
1996334707;544946
2119172425;813000
1969874527;295244
2095645652;1114802
2429959201;65517
2406883417;1071939
2395283688;536083
2138475253;476394
205737203;531080
2105991170;57330
2226825708;742838
2717299789;1645439
2963487603;751588
2938518080;1017985
2078091962;1665332
2308089115;954827
2106451284;360864
2637571790;1038942
2798731957;1411852
1980184468;465329
2053543515;976710
2397260286;623325
2682051009;759219
2145520712;755599
1937671122;719011
2575332615;1530371
2438610472;609356
2380037463;972195
2661705595;153873
96816420;1668433
1733246268;363116
2162849985;701070
2096600450;73348
322112176;971366
2641306828;1378886
2617369437;918237
2120527611;574966
23067500;671761
739918883;607355
2116211794;506156
1989525063;520826
63616125;1084323
1336100651;1536770
120307197;1163984
2140175701;1529716
2180766246;1405936
2412033115;1537870
1997187732;147329
2426745682;681012
2806821749;639332
2629942045;215497
2721199573;1228939
2632052110;1259022
2293563624;1096597
424419341;292799
2005242334;1061598
2396874693;1199894
2466824936;1479521
2522779933;402670
2047776812;581576
2974255910;808287
2401255249;1469167
2162888114;1708665
1189057622;167889
2973589077;854128
2050064891;1107177
2099289443;1393918
82418204;621898
2553943671;685547
2061408272;1645439
2193258044;211926
2145988415;1371721
2094301045;579573
2147301471;907500
12888615;1768435
1985785325;581821
2097695784;165983
2638566427;1038942
2526950158;1450348
2132253347;1627759
2054665135;740225
2292944436;140240
2142969995;1082759
2644046463;1352185
2233955438;518915
350212676;1538262
2513744253;341636
11984157;331231
2156785562;538914
216788547;1200926
2715864309;767593
2281232056;226082
2307258243;1307349
2901407170;1104569
2097738062;1119309
2948223506;1535111
2170578998;505803
2116632282;268777
2159279185;1216920
237177326;614894
2168431149;929682
2106657405;433428
2002722835;120343
2119225204;1393252
1946600904;326638
2974531589;899480
2051241129;361416
2224423478;170076
2478258583;1099225
2123614648;193006
127960343;335544
2670839461;73220
2165640508;93132
2300208587;505803
2089854595;802089
1251725090;11796
2162501773;224561
2476721222;215653
270925571;687619
2612434857;708858
245845936;1078805
2306801064;302949
2122562651;965074
1833052474;1036492
2429974851;458983
2990680656;1470692
2189743771;1331844
2632945697;775502
2519469011;40399
2638135963;929837
2499281746;1178595
2085574534;237528
2137351801;121829
109909235;1660204
2943599482;1103071
2165049479;1295694
2212217943;1565496
1985448508;386281
2167098163;1676423
2973688224;1476190
2141974618;418674
2157559967;1560356
2612537980;256357
2471742685;81804
2641646201;732193
2477914050;1024621
2662273763;738913
2018572496;1494849
2671666856;1474208
2182667553;310749
2563642081;9415
2057858025;506156
2157253707;848072
2153013984;833910
2091485889;770958
2146581609;1807000
2660931963;74687
2792990686;1770975
2255969101;901870
2119938105;1341035
98230613;1529367
2063004300;1424008
2465201503;1521632
2132770145;1595122
2638780460;1547416
2139106330;193006
8135979;1038880
2155957272;171057
1989005503;153060
2621872385;1653831
2145748511;1456491
2643080882;1015068
2147959650;1072516
2011551863;1678501
741895615;1299839
1989179004;681007
2524111462;1203397
1493665079;946913
2983961898;163357
2209481840;404804
2556768530;658272
2241074198;1596488
2675331407;922595
2169669302;1056348
2123518152;630671
2125701541;1175750
2236503884;83404
2669935515;558092
2603135708;1061858
2764895638;1067598
2423559224;600962
2182100491;1807198
2398965404;332533
2002298359;81804
2138763645;361876
2570911630;1002565
2131980516;731271
2133683511;1039089
153182288;1039100
2235602578;1224884
2128797664;154746
2499085707;1462352
2080063942;1341035
2342248731;297972
2026613717;193810
2337519622;950275
215765649;932773
2099256167;1635983
2121563328;1074404
2809857115;1270031
2691976636;1373685
342533692;1699105
2419968175;775384
2690895597;1005427
2670993219;569578
2250041316;850732
2104824818;1681560
406225900;1810899
2791585711;998294
2006250858;408900
2585044478;1616176
2126422870;52192
2145892791;1693865
2150137935;15883
2255205611;21805
1994090200;1607723
2759781881;1408385
2206745903;1467391
2703560110;43565
128335373;344302
2277043568;747610
271427631;1452876
2141513006;490876
2154212433;54153
1902844352;1364731
2111678102;225523
2800496070;1216380
2705468402;344302
2020685773;1202812
2463114407;362434
2915315580;81804
2944279807;1103071
2302943080;3015
2030726797;388271
53634625;335626
2111822219;449591
2243659861;1390698
2973683909;1017254
2124505549;805263
563070656;573701
1997996868;337358
2086616347;1099225
2206613986;224561
702118676;161623
2683795930;608367
2122618834;1123136
2163610232;1240311
2630564561;1378886
2156731892;515036
2403679215;608567
2236397478;859940
2780579292;1071405
1989690428;1486661
2309030826;983431
2609692618;1581016
2057455714;320896
639666141;493721
2167746919;1575397
2245547659;1775011
2915771135;971366
1983837166;858943
2576891566;693747
2185968804;708858
2694765578;769826
2515966882;833910
2081501796;843524
2154536949;352759
2690300903;503214
2163718886;114370
2917871837;217021
1978347994;688835
2126291420;1307349
2136477799;1441238
2233134398;652103
1991633717;1048746
63736808;877544
2662118813;1438690
2509982323;1677821
2051512094;214629
2339009153;686581
2083874257;15335
2485495134;1245347
2633848202;1520693
1382709;138627
2195791627;1326065
2703877431;984931
2111809975;1371721
2572235444;1814502
2088212047;1365889
2150459087;114370
2101693188;5411
2137067343;1448195
119177627;1103989
2154580910;1013863
2137964017;16022
792619319;512839
2111809670;1326065
1832751096;771098
1990835124;706544
1983837166;1794591
2112206117;1297928
2711616624;1561863
2667460699;1768292
259231608;1032007
2893688971;408900
2079516671;155358
2720327581;1555134
2664150486;612191
2497519852;1005427
2632436179;399053
2159524335;1479521
2005204336;1205211
2404730398;1287788
2111495032;1715145
2407880555;1702607
7574581;13205
2232468586;1555134
2126861501;488010
1100679721;224492
2109888865;1770975
2400571990;1699834
2065702091;914563
384246506;460272
2048719660;1243554
125107024;1335006
2114834225;824020
1968790287;716856
2039465409;572518
2157607511;456320
2125097014;837272
2436998162;1032007
2130758731;830421
2689843314;1637245
2650163766;1698166
1998125120;140362
2441281980;765306
2141456255;956042
2022078535;1113293
2597164893;193936
2126159106;833910
2014929767;787986
218832441;852384
2159181946;1424933
81086330;1279974
2227716166;408374
1800007723;1279312
2145260682;1296338
2035147763;573567
2125804623;852449
2717725398;922595
2160247145;671761
1478380734;781991
2406156725;1374109
1265756001;1475560
2168582154;1268277
2648979565;758481
2164482560;355512
2152920734;642410
2142679787;490200
1174044548;167889
1245616976;1621029
271657246;1476190
2429123277;729752
2820825339;1486445
2665343389;92058
2191218869;1253601
2720966043;594905
331854518;881173
2604888281;826409
2147737326;29521
1976489361;1515215
2005494679;941119
2663486518;1520693
2135463138;503857
192576500;14870
2113126795;1452876
2692352608;1415382
2101816588;1082094
2294784631;1299715
2299393813;1815571
648599215;1083924
2255174333;294493
2097743728;1799546
399299867;448194
2167703162;373515
1975599027;1666515
1961838933;714243
2624712047;405529
1987849900;62477
2112618891;933995
2150918036;226082
2016708809;361416
2112924421;539049
81591390;648385
2491547804;460995
2686301374;44486
1964653246;607355
437610672;302370
2395572728;940157
2063568559;387150
2126764247;71126
1964643177;62477
2054209974;988004
2694089035;1390698
2105920756;224561
2260362449;1055523
2667809877;1193714
2102895942;789097
2399269071;797742
2983267808;1482973
202373126;1114199
1995690015;1476506
213171300;1738682
2633945271;884621
2026389119;911753
2491048163;1546711
2120409999;806442
2672616257;320944
2280165676;605621
1977619521;1431138
2643839354;52584
2011960784;1573833
2402493111;682106
2338523380;822699
2557794840;1183563
2100085511;1039240
2157144444;671761
2636578930;1257266
2404679103;594905
2250626406;176769
28390594;630802
727542313;466220
2403785246;1020441
2156204076;728297
2132592458;424836
2114852684;388271
2094919659;402724
2616362202;998388
2408116499;1040121
2343406432;331548
2442354362;1173719
346909080;289271
2798554258;1575397
547289389;652103
2110190602;1118428
341563064;1669943
1977901622;1403037
5807779;615364
269221707;309773
2099606115;272511
2048358106;1653831
2010672879;1010600
2531876245;348088
2691481715;1333795
2712733532;372240
59090315;224492
2721901490;1645439
2402341137;511601
2710617150;940157
2151680227;1608965
2655858570;579773
2986631822;649712
2118236391;1422719
2398638892;1610527
26775577;1424008
2103152492;1023596
2462502929;770098
2102238887;1536770
2157164624;545983
113716341;471352
2116226392;1696001
2065247233;971366
329055216;1119309
1971405447;1441168
2804062645;446831
2619695279;236116
1575187145;1482794
2663597688;1269501
2167867252;1424008
2142031448;19779
2792575073;214629
2115793663;1518885
244126819;1476190
2974596341;215274
2472502276;1278913
2273669162;1794591
2055246455;637774
2113448788;272675
2314670798;1034194
2115084254;1112477
2155874124;164434
2110740833;1495587
2141643886;183860
2403877706;1555134
1981858454;1203397
1998714550;1366722
2681731512;1378886
2156866835;304184
2423571882;572296
2618245063;628035
2130422931;336100
1755464439;506156
2169540936;520826
2233984958;853457
2105687281;762797
2663928463;1257742
2146570697;5411
2634852928;886613
2707132509;693747
2123614648;998388
2129562081;1639614
2340557352;918237
2637919222;1368903
2404600346;849475
2128212913;162256
2100168392;940895
1160523151;1250848
2809723929;716692
2293762567;256357
2148400816;1104048
2308206735;238950
2143328931;21456
2974688691;1307992
82507697;681381
2151103087;224492
2705675030;1125027
2399245218;1632907
2463607056;1253601
2123722779;1456570
2015108722;824020
2485554230;163313
2250667020;330977
135658738;40133
2148076503;678483
2268597941;1331543
2639611824;849475
2511257921;108390
63645705;858685
204226153;1023596
2027476654;431092
2095793326;1147978
2096479532;252915
2671372018;891461
2160250037;1203397
2114894342;972195
2505804379;94630
1948338481;1519294
2642654954;1406246
2576122838;1089315
2143815529;1677821
2142905993;341221
699984893;146973
2102521554;338585
2125921624;1103124
2618018158;1712050
88400054;212088
2091532621;1536250
2745569045;376474
2158693763;505803
2121663867;360864
2036137081;671169
2120725579;122273
8703819;272511
336776776;680940
2142296452;1082759
2023848331;1424933
2439698148;605621
2098593768;1029012
859524011;1396500
2646919153;775880
2698087201;217368
2027787211;221287
2191511983;225523
2434754710;1494332
2811272617;555508
2164811671;356647
2305941828;221287
2194745422;405103
205773396;813000
2477831969;1684067
1971735500;1090942
2343154467;152372
2720216064;37090
720370594;385572
1893357127;415788
1988833602;880700
2161618242;258746
2938573160;687179
2938166000;270053
1212213922;1661019
2254813981;1203077
2582999945;1707342
2250362998;1197573
2239765870;176264
2676203379;295139
89813987;1464495
2777422470;754613
2711979465;1427644
2680680389;31888
301148504;1630115
2031569690;1607723
2088652242;1383834
2161838337;89833
2629407886;1667234
2676138861;432784
2282573040;582745
2643561327;1347185
2114505653;382276
2018225594;1456570
6518194;1486661
2677608628;767501
2578365271;1225118
2571208347;114370
2099405116;505947
2113802326;345707
1969669207;791175
218416969;13070
2120803867;15883
2145880949;325970
2658201312;176769
2148203392;1281918
1926413647;598789
2034139186;161269
2672096923;1456877
2155394533;297972
2277093536;1103655
2096406628;1456877
34348079;1501620
2234438786;1550618
2396749704;820964
1965112603;623325
2148997954;1538262
2136424967;562665
302417979;1552205
83108027;1137530
2983992705;958059
2232904012;1417976
2709274448;1030874
2696002469;43287
2800933730;419665
2939644041;1105437
2134505947;628035
1929591666;512839
163582389;621301
2119950268;589191
2513486906;1677821
1995690015;907094
2061651009;777864
1996416789;294493
2508390520;1679128
2132425176;154746
2167098163;1274721
2229316332;148875
2157864456;1023596
75077956;1673282
2982833537;1614983
1979431002;1448195
2848069743;1515229
2957724841;929966
2706594058;1739009
2026746903;671761
132687785;146973
2687553754;1456877
2159748383;1226599
2237829093;1306813
237969062;1673282
2316884592;1104048
2007151481;789508
2130214165;1353223
2306824899;1048515
2218130385;138457
2490627594;937516
2969045197;804213
2144713650;955143
2307125755;164549
2109770843;1063848
2339011613;918237
704409181;1538985
2167429429;1707499
122669167;361416
2706430577;569578
1967787365;146973
2610107507;1186097
2169254595;58261
2106923395;957618
2331235309;1482588
2400825183;356512
2892524954;1781265
2026189467;1364572
388368333;255264
2143523730;1379113
1257244595;1078069
2776051145;297972
2466084086;458772
2132308597;1470373
2136927775;1327342
2164822851;20175
2974683808;558544
2776443865;1606389
2050471423;791645
2130208810;905794
2287342505;880700
2126191483;164434
2235621368;255264
2506879740;1216968
2147789736;56467
2267729580;1756334
2644190693;1488658
1817881463;363116
2102891077;272675
2137498302;490186
2685533303;1288969
2130840293;1200926
346395239;406557
2114244606;915898
308659801;19779
2292161166;344537
40612409;541011
685300706;444896
1967197113;185553
2679648085;429510
2672633097;138209
2135773125;719760
2692308663;767501
2009051901;153873
2096075103;1072439
254685428;1689216
2017741137;1752984
1981247730;608367
2924286980;987013
2171914995;1766615
2129771855;718550
2146216389;1112477
2102845975;929682
1992109353;1194496
2805998872;820964
2778621387;747896
2275252108;273782
2164359160;985419
2656751117;1733407
2078276253;1333158
2162528935;437115
2221590702;1645862
2266461840;102669
2039484289;621898
1968128036;706759
2280582964;1672743
2168582154;1273921
2113687752;875054
2300027264;1494332
379997350;1172257
2310025559;325432
254181745;549212
229437117;1249270
2487059105;974689
2122138351;355512
100088751;284180
2694442393;1581815
2617015937;1722903
2043891112;1440731
2142552076;633195
2114592130;15335
2121322151;1788602
2191952417;1137530
2980418584;1281918
680695602;1239202
2579515021;544946
2228882129;938741
2104499551;1697743
2154438482;469815
664821960;382732
2159644763;41593
2436913298;1162061
342425395;535049
2133195677;221287
2778106763;15548
2627181314;733578
2286840173;1563810
2151670560;1561863
2989254590;1227021
287525037;229333
2121299901;758850
2627848593;214894
2154828239;572296
311225614;579773
2041830431;1178595
2134798974;545983
2395332904;1549441
2580570162;1660303
683790044;1403037
1933785528;1596488
726721005;1082094
717064360;692179
2479065606;1733407
2105927184;1777805
2162933010;1119309
2402114581;1524040
1831415885;206076
2973452925;1028584
2125815810;376474
2982712192;273782
2397627654;849475
2973503916;1366722
2520998129;1693126
2159171449;730754
2008900193;454203
2114259029;461413
2159967688;658104
2647294683;607982
2170230360;1180520
2401439272;348325
2099859025;1296338
2168513913;1469449
2334508037;1273921
1986347203;270373
2577099462;1368350
2682848559;1527533
2027243012;1639614
2103124409;1601417
2689540988;480945
2172157593;1670791
2405824718;630802
2400922402;1019378
2168880339;164784
2634571307;1094945
437722873;1173719
2021010695;1380946
1323332269;1003506
2054211819;916564
2463533631;592776
2543827684;868042
2602128920;1384677
6583431;165983
2686485029;1267135
2718353719;614894
2060698562;66914
2567716844;161441
2057307036;1032599
2041871214;1362128
2151418212;598886
2103616088;161623
2185760495;325970
2123079047;1692687
2802098124;122273
2146243301;313239
416112679;978071
2701930801;1521513
2015537985;791645
2516921472;1228726
2472314777;1363491
2066665679;1519481
172311536;964096
2736226008;624282
2112117635;289271
2423577896;609253
2901811663;564427
2100123209;1593702
2136250905;490876
2157703517;1250181
2688016333;795791
2676688184;1576036
2670936391;1698766
2048663168;856447
2305341160;847042
2100586082;603379
2119672063;719168
2333041381;598886
2142388372;911753
2106469508;1228401
2304091908;845840
339331339;1038880
2133437268;1366435
2670688633;1418546
2037800350;354571
1979923890;1636197
2403176412;332533
2151323278;330141
313172872;875060
1226291024;706544
2003525513;681381
2142622843;305562
2065945644;1307992
2138133261;815469
1900194429;1010600
2113040785;1692996
2299566127;301193
2234370517;1367335
2984510050;74687
2678666771;579773
2061655656;474464
2973957184;1544867
2144502906;767427
2027044070;1257266
1966905465;1094945
383958681;618979
2913113691;6615
926160383;1577540
21180133;1709002
151371205;1227380
2403142114;672965
2974599119;1604202
2571766951;75067
2811026146;270373
2634152224;526827
2571597341;882327
968585754;1040562
2402861469;1040121
2647902262;1061598
2142710837;1452476
66382223;877544
2126014361;15335
2161321707;660320
2069141683;1268277
28556126;490200
2460902943;714243
2108967256;610751
1109212868;1208749
1144138726;574966
324554506;189951
2406975451;1524040
2154844125;1105437
2224363331;1275641
2620041422;1152767
2163808111;327400
2408550151;480945
2114981632;1233378
2984020558;1190613
2096226808;1216920
2202307745;813000
2127214752;490186
1978340988;12993
2504978107;937516
2619427286;1525688
88826354;773755
1978420847;691667
2038127579;762790
2984613264;1156348
2626725157;159256
2155287112;193554
2167930835;770098
2123583348;882228
2112564851;1224371
1462185583;826409
2940780683;545983
2295887477;236829
2307100800;630802
2103973420;803423
2137059325;1635983
2640075797;1293411
2111696474;1725461
2487145464;15335
2461670208;310749
1891913131;1165981
2087676625;1036492
2464004008;263297
5273470;1392181
2780622332;140752
2095257342;466220
2117881491;308120
2111729368;1475749
2332894781;848696
1974668016;1431138
2937441052;1396951
2560960011;1139710
2059029012;451916
2404036475;44486
90462051;1180520
2149021508;473070
2065201609;1235110
2109128045;1536250
2701984597;617844
1939304288;765306
2104506919;687179
2685271124;950275
275989945;1375381
2114696150;1782287
2188930891;1543681
2088460650;1304089
1946155147;788572
2118058895;1708665
2002648712;1496982
2653094150;1643295
1988972262;511318
2130055151;1345177
2307482452;11068
2396702673;474464
2802897781;1216380
2141630865;1410082
1976131218;1048515
2635489329;1092600
2973447130;399837
2951627544;564427
2570677303;395173
1246800468;768675
1968025676;1810055
2007159491;153060
2026013846;1067598
241432441;214629
260604835;1293411
2918590065;1266808
2534983844;1808105
2682691036;382732
2142249029;6762
2639985276;1344391
2985896632;539917
2688919523;1798268
2780703061;43287
2078610965;1456491
2098227236;404410
1960083207;875054
2938878298;1003506
2711360132;1406079
1990835124;1284694
2621855168;297098
2618175022;390030
2251217363;506435
2408434775;1253720
2164129389;1475749
2633790732;1096736
176195856;424836
2717060549;927670
1981818736;1634188
2574851384;1431982
2166984636;1297928
2734682992;1550618
2104950886;128280
595520429;826519
2101747962;571273
2125656985;1396951
2163009075;1781265
2254897083;415788
2135150587;1354071
2132835433;1233378
2607993016;810749
2042407306;506435
1990920468;214629
2101284290;607355
2018267723;1326065
2132546166;1480935
2185514725;59226
2059413172;609253
2429516772;612668
2187174012;1449118
2620209079;310749
2159937518;388271
2515420781;566695
2005317748;592776
220305330;1624977
2708444720;1792183
2936782801;184619
259619398;86197
2138057781;392052
2618284955;362434
2408140575;65517
2127243021;164549
2940806016;1289923
2018628006;1661019
2083757728;1156348
2619684106;228008
2307308558;1479521
2695991943;392052
2665343145;1521201
1998644763;217368
2135854099;922283
2100600322;1093371
2127765569;1046654
2080992200;401217
2036574624;544543
1873589706;398591
2125104194;961884
2629563208;1107177
2140777145;1676423
2193688032;773669
2092022908;554285
2135635911;463804
2720731657;1815571
2338846577;1261299
2755687588;1387178
2118275562;1099225
2124920812;1174532
2700779225;155220
2629141712;215497
2500968198;1284694
2398897976;1513246
2266585056;494408
2019832499;1506273
2974296074;1474627
2973786272;1521063
2129311802;1693729
2716784284;945375
2043655278;1416591
2663794192;819435
2580988599;1306805
2624065882;134560
2713751834;515592
2111858925;314725
2182464857;499848
2499835478;1353487
2469425952;591848
2306546947;1605429
1425947733;490820
2396751389;1380026
1678607590;220776
2011913051;1789920
2648633408;1601902
2314055743;215073
135502428;1348836
73506528;82554
2509954204;13407
2155467662;1011709
2034765389;1682202
2155626625;1655456
2008059451;758850
2700848421;52584
2704525903;477134
2087632127;615364
2300815877;24270
2204904887;1194461
2692770463;1632907
2145026163;746710
2138306043;831355
2941057935;313083
2115290263;403334
2496743949;1534384
1907890065;1241505
2103777546;1674447
1351879188;74282
2491120003;1415382
343667153;813000
2302997227;1456321
2162785886;773669
2673248862;254830
2115416849;192638
2561985030;1253601
2564228686;1395493
2427270451;173821
2170855474;295244
2147652660;1039240
2014378321;971366
2001015449;1453065
1980958483;335626
2108052934;171057
2559661036;511601
2691878959;754613
2162336491;1766699
2195788828;1007187
684514524;1266808
1940272638;1238551
3356812;505434
225835777;431092
152557043;896825
2310050059;1239202
1485809630;1486661
2095449798;544946
2406632015;610698
2181732153;1556219
2690359509;760576
2097225022;1530546
2506832724;1574828
669301571;853457
2160674548;56467
2041877622;330141
2152359040;316834
2182557365;1709747
2303756974;1766615
193537891;1436632
1615293024;545983
2559475656;674499
2034009146;1188814
20955313;1253126
2146274959;1213380
2151652808;1552804
2008121127;1815571
2083230454;669893
1986660838;858012
2403266594;1521632
2581588131;27301
2121098690;310749
1869676754;1556219
2628033030;847410
2043658062;1630115
2176435961;1699467
2106404539;703288
2125669377;1191051
2677561205;821061
2097701859;1259022
2103663503;1221552
2085408674;1366829
198961243;836707
125525011;284180
2170328022;816299
2138380777;563542
1238607141;1378886
1980404088;1316039
2303113139;1698166
2131426406;272675
2023460672;6522
2020085192;446155
2963507410;803423
1899303167;1012494
373094217;1010600
2157644693;709763
321831593;1028584
2185390337;434796
1987110578;527709
2127916959;1387178
2312748593;607355
2119854651;177064
2325749681;1636364
94155302;771368
559420;1242355
2316068854;1510428
2342588004;918870
173792199;1577540
2147291090;720048
2162598650;1549602
2110933272;1448195
2174205032;6522
2345352226;95816
2444022543;136819
2121544054;800331
129750422;1501825
2168477046;895989
2163196489;360435
269209765;907094
2519465970;669799
2113592602;6762
2167841172;320786
2492263903;1449637
2167740186;1309347
2124929952;792443
2719273272;658104
2310422789;355512
1972878584;1781377
2438786456;539040
2321340220;39294
2148365076;728798
2396227289;1403037
2076821053;559767
2123944830;668849
2009752288;1495587
2813640766;1781265
2344376092;1040463
2404701512;372956
2164877724;54153
288626473;362434
2115943818;1650738
2175957207;1496815
2297017121;1788892
2257673352;1186722
1997413711;1626643
2096509082;379174
2578628303;152372
2478422348;1259022
2810579644;789711
157741918;449364
2017222965;791572
2779537460;1280519
2137000881;1678501
2684213863;988813
2407121248;775880
2433369960;511208
2482705056;937516
2170833142;1253795
2191789195;1529367
2156683538;1796106
678134998;964162
2136725975;1692481
2107547654;170076
2140973757;1490167
2130229563;268777
1977005387;547392
2424581685;875626
2433276653;1586812
71535114;899173
2689591819;480945
1970797859;445523
2620432662;284492
2441683438;515422
2425120501;1466306
2403742198;1107177
2942462511;545983
2141812468;1371721
2272564846;1484827
2136856499;128236
2159631600;494408
2134659517;954605
2128584096;589191
2704179859;382143
2760852029;1363538
2139710215;1649711
2069749540;1529716
326353411;1314966
2611592044;1536770
2989398506;33279
2003999242;688835
2402135368;1115014
1213502867;598832
2687050927;92058
2136177121;364583
2648395290;759149
2155303794;1184209
2719273443;1448546
2500415381;815469
2711382332;1199894
331537796;1457765
2162092457;619728
1208143757;260539
2169931457;408374
2124124197;1807198
2142692711;60318
2316496857;58261
2468484165;43287
2893521534;128236
2101720690;1456321
1834553709;130022
2126616442;13407
2284398735;637364
390776546;1132564
2047002153;1132703
2704818908;2431
2515495898;1275641
2472878894;1295694
2010647559;118881
80530004;1586417
2461651512;1026887
377892621;1697457
2481656826;215653
2154710404;506156
720751681;1173719
2285953580;1608965
2251328658;406557
2327993736;59226
2973361474;558544
204580024;1605931
2154613642;771098
13749598;1460658
2161119918;916140
2935910818;15901
2679091304;435147
2985431421;1270624
2135017585;804384
2294121158;1368350
252812316;900300
1992192875;1569375
2280845601;85772
158190030;1681771
2140920652;564427
2790357159;1040121
2400836931;249145
2120394816;65220
1740074100;781991
2401323722;344302
2308608303;1536770
2150966317;1419368
2087471959;986644
90231547;529914
2672728892;421533
2107417824;1614983
2110318114;600256
2156260998;683433
2181385625;1815792
2701843065;1341542
2165499071;285180
2082160894;1424933
627093654;1341035
2501387979;852957
1185960611;1377244
1923898398;1189345
2236730954;1393469
2637002291;349990
2329920459;1362702
2494791600;1063894
2666616283;227494
2101782583;267728
2405901215;531080
2632059304;1419258
2017199146;881173
1264989338;1416591
2045048492;133010
2632902527;44486
2164505693;226082
2130252231;94496
1251186077;21805
2056441798;1471507
1438871885;419665
2664364568;120346
2722409264;233935
27816863;1143756
2495807996;1818585
557438043;238950
2103051035;1281047
2663023273;1406246
2220171512;1286905
2648793298;1689283
2127982851;1304089
71276834;415788
2398704279;1469167
