work;editor
95;19903
95;19904
95;19905
95;19906
95;19907
110;19908
142;19909
142;19910
142;19911
461;19912
461;19913
461;19914
554;19915
559;19916
561;19917
562;19917
564;19917
559;19917
561;19918
562;19918
564;19918
561;19919
561;19920
565;19920
561;19921
562;19922
564;19922
565;19922
562;19923
564;19923
565;19924
565;19925
565;19926
565;19927
569;19928
746;19929
742;19929
746;19930
2240;19931
2240;19932
2240;19933
2293;19934
2293;19935
2293;19936
2293;19937
2293;19938
2293;19939
2293;19940
2293;19941
4041;19942
7377;19942
2333;19942
7607;19942
2348;19943
2348;19944
2441;19945
2485;19946
2485;19947
2571;19948
2637;19949
2984;19950
3474;19951
3474;19952
3818;19953
4115;19954
4413;19955
4445;19956
4517;19957
4517;19958
4517;19959
4559;19960
4559;19961
4559;19962
4559;19963
4611;19964
4611;19965
4611;19966
4611;19967
4622;19968
4622;19969
4697;19970
4697;19971
4882;19972
5532;19973
5532;19974
5662;19975
5662;19976
5662;19977
5782;19978
5823;19979
5823;19980
6339;19981
5823;19981
5875;19982
5875;19983
5915;19984
5915;19985
5958;19986
5958;19987
5958;19988
5958;19989
5979;19990
5979;19991
6041;19992
6145;19993
6168;19994
6168;19995
6178;19996
6178;19997
6293;19997
6178;19998
6191;19999
6191;20000
6293;20001
6406;20002
6431;20003
6431;20004
6452;20005
6506;20006
6506;20007
6506;20008
6582;20009
6731;20010
6758;20011
6758;20012
6758;20013
6758;20014
6758;20015
6758;20016
6758;20017
6826;20018
6877;20019
6877;20020
6877;20021
6877;20022
6877;20023
6935;20024
7813;20025
6935;20025
6959;20026
7758;20027
7758;20028
7758;20029
7758;20030
7813;20031
8060;20032
8060;20033
8869;20034
9870;20034
8869;20035
9870;20035
